Serial_No,Report_Name,Reporting_Data_attribute,Data_Attributes_contributing_to_reporting_attributes,Row_Code,Column_Code,Measure,Source,Tab,Sub_part,Mart,Mart_Logic,SQL_Query,Frequency
24,Schedule V,Loan Sanctions,2.3-Non-housing Loans to others (excluding 2.1 and 2.2 above),R1292,C200,No. of accounts,Mart,part-1,Part-1A,Sanction_period_mart_V1,"(populate count(Loan_no_new) where, Product_NHB = 'Other Loan') - (Sr. no 13 + Sr. no 19)","SELECT     (total_other_loan - individual_other_loan - corporate_other_loan) AS FINAL_OUTPUT FROM (SELECT (SELECT COUNT(Loan_number_new)  FROM DISHA_MART_ANALYTICS.REGULATORY_MART.SANCTION_PERIOD_MART_V1  WHERE PRODUCT_NHB = 'OTHER LOAN'  AND REPORT_DATE IN ({{report_dates}})) AS total_other_loan,(SELECT COUNT(Loan_number_new)  FROM DISHA_MART_ANALYTICS.REGULATORY_MART.SANCTION_PERIOD_MART_V1  WHERE Customer_type = 'INDIVIDUAL'  AND PRODUCT_NHB = 'OTHER LOAN'  AND REPORT_DATE IN ({{report_dates}})) AS individual_other_loan,(SELECT COUNT(Loan_number_new)  FROM DISHA_MART_ANALYTICS.REGULATORY_MART.SANCTION_PERIOD_MART_V1  WHERE Customer_type = 'CORPORATE'  AND PRODUCT_NHB = 'OTHER LOAN'  AND REPORT_DATE IN ({{report_dates}})) AS corporate_other_loan );",monthly
36,Schedule V,Loan Sanctions,1.3-Housing Loans to others (excluding 1.1 and 1.2 above),R1279,C201,Gross carrying amount (Note-2),Mart,part-1,Part-1A,Sanction_period_mart_V1,"(populate sum(HL_Bifur_of_sanction_amt) where, Product_NHB <> 'Other Loan') - (Sr. No 27 + Sr.No 33)","SELECT 
    SUM(CASE 
        WHEN COALESCE(TRIM(UPPER(Product_NHB)),'NULL') <> 'OTHER LOAN' 
        THEN HL_bifur_of_Sanction_amt 
        ELSE 0 
    END)
    -
    (COALESCE(SUM(CASE
        WHEN Customer_type = 'INDIVIDUAL'
            AND TRIM(UPPER(Product_NHB)) IN ('PURCHASE', 'CONSTRUCTION')
            AND CRE_RH_Tagging IS NULL
        THEN HL_bifur_of_Sanction_amt
        ELSE 0
    END), 0) +
    COALESCE(SUM(CASE
        WHEN Customer_type = 'INDIVIDUAL'
            AND TRIM(UPPER(Product_NHB)) = 'RESALE PROPERTY PURCHASE'
        THEN HL_bifur_of_Sanction_amt
        ELSE 0
    END), 0) +
    COALESCE(SUM(CASE
        WHEN Customer_type = 'INDIVIDUAL'
            AND TRIM(UPPER(Product_NHB)) = 'REPAIR AND RENOVATION LOAN'
        THEN HL_bifur_of_Sanction_amt
        ELSE 0
    END), 0))
    AS FINAL_OUTPUT
FROM DISHA_MART_ANALYTICS.REGULATORY_MART.SANCTION_PERIOD_MART_V1
WHERE Report_Date IN ({{report_dates}});",monthly
49,Schedule V,Loan Sanctions,2.3-Non-housing Loans to others (excluding 2.1 and 2.2 above),R1292,C201,Gross carrying amount (Note-2),Mart,part-1,Part-1A,Sanction_period_mart_V1,"(populate sum(NHL_bifur_of_Sanction_amt)   where, Product_NHB = 'Other Loan') - (Sr. no 38 + Sr. no 44)","SELECT 
    SUM(
        CASE 
            WHEN COALESCE(Customer_type,'NULL') NOT IN ('INDIVIDUAL', 'CORPORATE') 
            THEN NHL_bifur_of_Sanction_amt 
            ELSE 0 
        END
    ) AS FINAL_OUTPUT
FROM DISHA_MART_ANALYTICS.REGULATORY_MART.SANCTION_PERIOD_MART_V1
WHERE UPPER(TRIM(Product_NHB)) = 'OTHER LOAN'
AND Report_Date IN ({{report_dates}});",monthly
111,Schedule V,Loan Sanctions,1.3-Housing Loans to others (excluding 1.1 and 1.2 above),R1279,C204,No. of accounts,Mart,part-1,Part-1A,Sanction_period_mart_V1,"(populate count(Loan_no_new) where, Product_NHB <> 'Other Loan') - (Sr. No 102 + Sr.No 108)
","SELECT 
    (

        SELECT COUNT(Loan_number_new) 
        FROM DISHA_MART_ANALYTICS.REGULATORY_MART.SANCTION_PERIOD_MART_V1
        WHERE Product_NHB <> 'OTHER LOAN'
        AND Report_Date IN ({{report_dates}})
    ) 
    - 
    (
        (

     SELECT COUNT(Loan_number_new) 
            FROM DISHA_MART_ANALYTICS.REGULATORY_MART.SANCTION_PERIOD_MART_V1
            WHERE Customer_type = 'INDIVIDUAL'
            AND CRE_RH_Tagging IS NULL
            AND PRODUCT_NHB IN ('Purchase', 'Construction')
            AND Report_Date IN ({{report_dates}})
        )
        +
        (

            SELECT COUNT(Loan_number_new) 
            FROM DISHA_MART_ANALYTICS.REGULATORY_MART.SANCTION_PERIOD_MART_V1
            WHERE Customer_type = 'INDIVIDUAL'
            AND PRODUCT_NHB = 'Resale Property Purchase'
            AND Report_Date IN ({{report_dates}})
        )
        +
        (

            SELECT COUNT(Loan_number_new) 
            FROM DISHA_MART_ANALYTICS.REGULATORY_MART.SANCTION_PERIOD_MART_V1
            WHERE Customer_type = 'INDIVIDUAL'
            AND PRODUCT_NHB = 'Repair and Renovation Loan'
            AND Report_Date IN ({{report_dates}})
        )
    )
    -
    (

        SELECT COUNT(Loan_number_new) 
        FROM DISHA_MART_ANALYTICS.REGULATORY_MART.SANCTION_PERIOD_MART_V1
        WHERE Product_NHB <> 'OTHER LOAN'
        AND CRE_RH_Tagging IS NOT NULL
        AND Report_Date IN ({{report_dates}})
    ) AS FINAL_OUTPUT;",monthly
124,Schedule V,Loan Sanctions,2.3-Non-housing Loans to others (excluding 2.1 and 2.2 above),R1292,C204,No. of accounts,Mart,part-1,Part-1A,Sanction_period_mart_V1,"(populate count(Loan_no_new) where, Product_NHB = 'Other Loan') - (Sr. no 113 + Sr. no 119)","SELECT 
    (

        SELECT COUNT(Loan_number_new) 
        FROM DISHA_MART_ANALYTICS.REGULATORY_MART.SANCTION_PERIOD_MART_V1
        WHERE Product_NHB = 'OTHER LOAN'
        AND Report_Date IN ({{report_dates}})
    ) 
    - 
    (

        SELECT COUNT(Loan_number_new) 
        FROM DISHA_MART_ANALYTICS.REGULATORY_MART.SANCTION_PERIOD_MART_V1
        WHERE Product_NHB = 'OTHER LOAN'
        AND Customer_type = 'INDIVIDUAL'
        AND Report_Date IN ({{report_dates}})
    )
    -
    (

        SELECT COUNT(Loan_number_new) 
        FROM DISHA_MART_ANALYTICS.REGULATORY_MART.SANCTION_PERIOD_MART_V1
        WHERE Product_NHB = 'OTHER LOAN'
        AND Customer_type = 'CORPORATE'
        AND Report_Date IN ({{report_dates}})
    ) AS FINAL_OUTPUT;",monthly
136,Schedule V,Loan Sanctions,1.3-Housing Loans to others (excluding 1.1 and 1.2 above),R1279,C205,Gross carrying amount (Note-2),Mart,part-1,Part-1A,Sanction_period_mart_V1,"(populate sum(HL_Bifur_of_sanction_amt) where, Product_NHB <> 'Other Loan') - (Sr. No 127 + Sr.No 133)","SELECT 
    (

        SELECT COALESCE(SUM(HL_bifur_of_Sanction_amt), 0)
        FROM DISHA_MART_ANALYTICS.REGULATORY_MART.SANCTION_PERIOD_MART_V1
        WHERE Product_NHB <> 'OTHER LOAN'
        AND Report_Date IN ({{report_dates}})
    ) 
    - 
    (
        SELECT COALESCE(SUM(HL_bifur_of_Sanction_amt), 0)
        FROM DISHA_MART_ANALYTICS.REGULATORY_MART.SANCTION_PERIOD_MART_V1
        WHERE Customer_type = 'INDIVIDUAL'
        AND (
            (CRE_RH_Tagging IS NULL AND Product_NHB IN ('Purchase', 'Construction')) OR  -- Sr.No 128
            (Product_NHB = 'Resale Property Purchase') OR                               
            (Product_NHB = 'Repair and Renovation Loan')                            
        )
        AND Report_Date IN ({{report_dates}})
    ) 
    - 
    (

        SELECT COALESCE(SUM(HL_bifur_of_Sanction_amt), 0)
        FROM DISHA_MART_ANALYTICS.REGULATORY_MART.SANCTION_PERIOD_MART_V1
        WHERE Product_NHB <> 'OTHER LOAN'
        AND CRE_RH_Tagging IS NULL
        AND Customer_type <> 'INDIVIDUAL' 
        AND Report_Date IN ({{report_dates}})
    ) AS FINAL_OUTPUT;",monthly
149,Schedule V,Loan Sanctions,2.3-Non-housing Loans to others (excluding 2.1 and 2.2 above),R1292,C205,Gross carrying amount (Note-2),Mart,part-1,Part-1A,Sanction_period_mart_V1,"(populate sum(NHL_bifur_of_Sanction_amt)   where, Product_NHB = 'Other Loan') - (Sr. no 138 + Sr. no 144)","SELECT 
    (

        SELECT COALESCE(SUM(NHL_bifur_of_Sanction_amt), 0)
        FROM DISHA_MART_ANALYTICS.REGULATORY_MART.SANCTION_PERIOD_MART_V1
        WHERE Product_NHB = 'OTHER LOAN'
        AND Report_Date IN ({{report_dates}})
    ) - 
    (

        SELECT COALESCE(SUM(NHL_bifur_of_Sanction_amt), 0)
        FROM DISHA_MART_ANALYTICS.REGULATORY_MART.SANCTION_PERIOD_MART_V1
        WHERE Product_NHB = 'OTHER LOAN'
        AND Customer_type = 'INDIVIDUAL'
        AND Report_Date IN ({{report_dates}})
    ) - 
    (

        SELECT COALESCE(SUM(NHL_bifur_of_Sanction_amt), 0)
        FROM DISHA_MART_ANALYTICS.REGULATORY_MART.SANCTION_PERIOD_MART_V1
        WHERE Product_NHB = 'OTHER LOAN'
        AND Customer_type = 'CORPORATE'
        AND Report_Date IN ({{report_dates}})
    ) AS FINAL_OUTPUT;",monthly
161,Schedule V,Loan Disbursements,1.3-Housing Loans to others (excluding 1.1 and 1.2 above),R1304,C206,No. of accounts,Mart,part-1,Part-1B,DISBURSEMENT_PERIOD_MART,"(populate countof distinct(Loan_no_new) where, Product_NHB <> 'Other Loan') - (Sr. No 152 + Sr.No 158)
","SELECT (
        SELECT COUNT(DISTINCT(Loan_number_new))
        FROM DISHA_MART_ANALYTICS.REGULATORY_MART.DISBURSEMENT_PERIOD_MART
        WHERE Product_NHB <> 'OTHER LOAN'
        AND Report_Date IN ({{report_dates}})
    ) 
    - 
    (

        (
            SELECT COUNT(DISTINCT(Loan_number_new))
            FROM DISHA_MART_ANALYTICS.REGULATORY_MART.DISBURSEMENT_PERIOD_MART
            WHERE Customer_type = 'INDIVIDUAL'
            AND CRE_RH_Tagging IS NULL
            AND PRODUCT_NHB IN ('Purchase', 'Construction')
            AND Report_Date IN ({{report_dates}})
        )
        +
        (
            SELECT COUNT(DISTINCT(Loan_number_new))
            FROM DISHA_MART_ANALYTICS.REGULATORY_MART.DISBURSEMENT_PERIOD_MART
            WHERE Customer_type = 'INDIVIDUAL'
            AND PRODUCT_NHB = 'Resale Property Purchase'
            AND Report_Date IN ({{report_dates}})
        )
        +
        (
            SELECT COUNT(DISTINCT(Loan_number_new))
            FROM DISHA_MART_ANALYTICS.REGULATORY_MART.DISBURSEMENT_PERIOD_MART
            WHERE Customer_type = 'INDIVIDUAL'
            AND PRODUCT_NHB = 'Repair and Renovation Loan'
            AND Report_Date IN ({{report_dates}})
        )
    )
    -
    (

        SELECT COUNT(DISTINCT(Loan_number_new))
        FROM DISHA_MART_ANALYTICS.REGULATORY_MART.DISBURSEMENT_PERIOD_MART
        WHERE Product_NHB <> 'OTHER LOAN'
        AND CRE_RH_Tagging IS NOT NULL
        AND Report_Date IN ({{report_dates}})
    ) AS FINAL_OUTPUT;",monthly
174,Schedule V,Loan Disbursements,2.3-Non-housing Loans to others (excluding 2.1 and 2.2 above),R1317,C206,No. of accounts,Mart,part-1,Part-1B,DISBURSEMENT_PERIOD_MART,"(populate count of distinct(Loan_no_new) where, Product_NHB = 'Other Loan') - (Sr. no 163 + Sr. no 169)","SELECT 
    (
    
        SELECT COUNT(DISTINCT LOAN_NUMBER_NEW) 
        FROM DISHA_MART_ANALYTICS.REGULATORY_MART.DISBURSEMENT_PERIOD_MART
        WHERE Product_NHB = 'OTHER LOAN'
        AND Report_Date IN ({{report_dates}})
    ) 
    - 
    (
   
        SELECT COUNT(DISTINCT LOAN_NUMBER_NEW)
        FROM DISHA_MART_ANALYTICS.REGULATORY_MART.DISBURSEMENT_PERIOD_MART
        WHERE Customer_type = 'INDIVIDUAL'
        AND Product_NHB = 'OTHER LOAN'
        AND Report_Date IN ({{report_dates}})
    )
    -
    (
   
        SELECT COUNT(DISTINCT Loan_number_new)
        FROM DISHA_MART_ANALYTICS.REGULATORY_MART.DISBURSEMENT_PERIOD_MART
        WHERE Customer_type IN ('BUILDER', 'CORPORATE')
        AND Product_NHB = 'OTHER LOAN'
        AND Report_Date IN ({{report_dates}})
    ) AS FINAL_OUTPUT;",monthly
186,Schedule V,Loan Disbursements,1.3-Housing Loans to others (excluding 1.1 and 1.2 above),R1304,C207,Gross carrying amount (Note-2),Mart,part-1,Part-1B,DISBURSEMENT_PERIOD_MART,"(populate sum(HL_Bifur_of_disb_amt) where, Product_NHB <> 'Other Loan') - (Sr. No 177 + Sr.No 183)","SELECT 
   
    SUM(CASE 
        WHEN Product_NHB <> 'OTHER LOAN' THEN HL_Bifur_of_disb_amt 
        ELSE 0 
    END)
    
  
    - SUM(CASE 
        WHEN Customer_type = 'INDIVIDUAL'
             AND CRE_RH_Tagging IS NULL
             AND Product_NHB IN ('Purchase', 'Construction') 
        THEN HL_Bifur_of_disb_amt 
        ELSE 0 
    END)
    - SUM(CASE 
        WHEN Customer_type = 'INDIVIDUAL'
             AND Product_NHB = 'Resale Property Purchase' 
        THEN HL_Bifur_of_disb_amt 
        ELSE 0 
    END)
    - SUM(CASE 
        WHEN Customer_type = 'INDIVIDUAL'
             AND Product_NHB = 'Repair and Renovation Loan' 
        THEN HL_Bifur_of_disb_amt 
        ELSE 0 
    END)

   
    - SUM(CASE 
        WHEN Product_NHB <> 'OTHER LOAN'
             AND CRE_RH_Tagging IS NOT NULL 
        THEN HL_Bifur_of_disb_amt 
        ELSE 0 
    END)

AS HL_Disbursements_Others
FROM DISHA_MART_ANALYTICS.REGULATORY_MART.DISBURSEMENT_PERIOD_MART
WHERE Report_Date IN ({{report_dates}});
",monthly
199,Schedule V,Loan Disbursements,2.3-Non-housing Loans to others (excluding 2.1 and 2.2 above),R1317,C207,Gross carrying amount (Note-2),Mart,part-1,Part-1B,DISBURSEMENT_PERIOD_MART,"(populate sum(NHL_bifur_of_disb_amt)   where, Product_NHB = 'Other Loan') - (Sr. no 188 + Sr. no 194)","SELECT 
    COALESCE(
        SUM(CASE WHEN Product_NHB = 'OTHER LOAN' THEN NHL_bifur_of_disb_amt ELSE 0 END)
        -
        
        0
        -
        SUM(CASE WHEN Product_NHB = 'OTHER LOAN' 
                 AND Customer_type = 'CORPORATE' 
                 THEN NHL_bifur_of_disb_amt ELSE 0 END)
    , 0) AS Non_Housing_Loans_to_Others_Amount
FROM DISHA_MART_ANALYTICS.REGULATORY_MART.DISBURSEMENT_PERIOD_MART
WHERE Report_Date IN ({{report_dates}});

",monthly
261,Schedule V,Loan Disbursements,1.3-Housing Loans to others (excluding 1.1 and 1.2 above),R1304,C210,No. of accounts,Mart,part-1,Part-1B,DISBURSEMENT_PERIOD_MART,"(populate countof distinct(Loan_no_new) where, Product_NHB <> 'Other Loan') - (Sr. No 252 + Sr.No 258)
","SELECT 
    COALESCE(
        (
         
            SELECT COUNT(DISTINCT LOAN_NUMBER_NEW)
            FROM DISHA_MART_ANALYTICS.REGULATORY_MART.DISBURSEMENT_PERIOD_MART
            WHERE Product_NHB <> 'OTHER LOAN'
            AND Report_Date IN ({{report_dates}})
        )
        -
        (
           
            SELECT COUNT(Loan_number_new)
            FROM DISHA_MART_ANALYTICS.REGULATORY_MART.SANCTION_PERIOD_MART_V1
            WHERE Customer_type = 'INDIVIDUAL'
            AND (
                (CRE_RH_Tagging IS NULL AND PRODUCT_NHB IN ('Purchase', 'Construction'))
                OR (PRODUCT_NHB = 'Resale Property Purchase')
                OR (PRODUCT_NHB = 'Repair and Renovation Loan')
            )
            AND Report_Date IN ({{report_dates}})
        )
        -
        (
        
            SELECT COUNT(DISTINCT LOAN_NUMBER_NEW)
            FROM DISHA_MART_ANALYTICS.REGULATORY_MART.DISBURSEMENT_PERIOD_MART
            WHERE Product_NHB <> 'OTHER LOAN'
            AND CRE_RH_Tagging IS NOT NULL
            AND Report_Date IN ({{report_dates}})
        )
    , 0) AS Housing_Loans_to_Others_Count;",monthly
274,Schedule V,Loan Disbursements,2.3-Non-housing Loans to others (excluding 2.1 and 2.2 above),R1317,C210,No. of accounts,Mart,part-1,Part-1B,DISBURSEMENT_PERIOD_MART,"(populate count of distinct(Loan_no_new) where, Product_NHB = 'Other Loan') - (Sr. no 263 + Sr. no 269)","


SELECT 
    COALESCE(
       
        COUNT(DISTINCT CASE WHEN Product_NHB = 'OTHER LOAN'  THEN Loan_number_new END)
        -
       
        0
        -
       
        COUNT(DISTINCT CASE WHEN Product_NHB = 'OTHER LOAN' 
                            AND Customer_type = 'CORPORATE' 
                            THEN LOAN_NUMBER_NEW END)
    , 0) AS Non_Housing_Loans_to_Others_Count
FROM DISHA_MART_ANALYTICS.REGULATORY_MART.DISBURSEMENT_PERIOD_MART
WHERE Report_Date IN ({{report_dates}});",monthly
286,Schedule V,Loan Disbursements,1.3-Housing Loans to others (excluding 1.1 and 1.2 above),R1304,C211,Gross carrying amount (Note-2),Mart,part-1,Part-1B,DISBURSEMENT_PERIOD_MART,"(populate sum(HL_Bifur_of_disb_amt) where, Product_NHB <> 'Other Loan') - (Sr. No 277 + Sr.No 283)","SELECT 
    COALESCE(
        SUM(CASE WHEN Product_NHB <> 'OTHER LOAN'  THEN HL_bifur_of_disb_amt ELSE 0 END)
        -
        SUM(CASE WHEN Customer_type = 'INDIVIDUAL' 
                  AND CRE_RH_Tagging IS NULL 
                  AND Product_NHB IN ('Purchase', 'Construction') 
                  THEN HL_bifur_of_disb_amt ELSE 0 END) 
        -
        SUM(CASE WHEN Customer_type = 'INDIVIDUAL' 
                  AND Product_NHB = 'Resale Property Purchase' 
                  THEN HL_bifur_of_disb_amt ELSE 0 END) 
        -
        SUM(CASE WHEN Customer_type = 'INDIVIDUAL' 
                  AND Product_NHB = 'Repair and Renovation Loan' 
                  THEN HL_bifur_of_disb_amt ELSE 0 END)
        -
        SUM(CASE WHEN Product_NHB <> 'OTHER LOAN' 
                  AND CRE_RH_Tagging IS NOT NULL 
                  THEN HL_bifur_of_disb_amt ELSE 0 END) 
    , 0) AS Housing_Loans_to_Others
FROM DISHA_MART_ANALYTICS.REGULATORY_MART.DISBURSEMENT_PERIOD_MART
WHERE Report_Date IN ({{report_dates}});",monthly
299,Schedule V,Loan Disbursements,2.3-Non-housing Loans to others (excluding 2.1 and 2.2 above),R1317,C211,Gross carrying amount (Note-2),Mart,part-1,Part-1B,DISBURSEMENT_PERIOD_MART,"(populate sum(NHL_bifur_of_disb_amt)   where, Product_NHB = 'Other Loan') - (Sr. no 288 + Sr. no 294)","SELECT 
    SUM(CASE 
        WHEN Product_NHB = 'OTHER LOAN' 
             AND Customer_type NOT IN ('INDIVIDUAL', 'CORPORATE') 
        THEN NHL_BIFUR_OF_DISB_AMT 
        ELSE 0 
    END) AS Non_Housing_Loans_Others
FROM DISHA_MART_ANALYTICS.REGULATORY_MART.DISBURSEMENT_PERIOD_MART
WHERE Product_NHB = 'OTHER LOAN'
AND Report_Date IN ({{report_dates}});",monthly
311,Schedule V,Loan Outstandings,1.3-Housing Loans to others (excluding 1.1 and 1.2 above),R1329,C212,No. of accounts,Mart,part-1,Part-1C,Outstanding_mart,"(populate count(Loan_no_new) where, nhb_Product <> 'Other Loan') - (Sr. No 302 + Sr.No 308)
","SELECT 
    (
     
        SELECT COUNT(LOAN_NUMBER_NEW) 
        FROM DISHA_MART_ANALYTICS.REGULATORY_MART.OUTSTANDING_MART
        WHERE PRODUCT <> 'OTHER LOAN'
        AND Report_Date IN ({{report_dates}})
    ) 
    - 
    (
    
        SELECT COUNT(LOAN_NUMBER_NEW) 
        FROM  DISHA_MART_ANALYTICS.REGULATORY_MART.OUTSTANDING_MART
        WHERE Customer_type = 'INDIVIDUAL'
        AND (
            (CRE_RH_Tagging IS NULL AND PRODUCT IN ('Purchase', 'Construction'))
            OR PRODUCT = 'Resale Property Purchase'                           
            OR PRODUCT = 'Repair and Renovation Loan'                         
        )
        AND Report_Date IN ({{report_dates}})
    ) 
    - 
    (
    
        SELECT COUNT(LOAN_NUMBER_NEW) 
        FROM  DISHA_MART_ANALYTICS.REGULATORY_MART.OUTSTANDING_MART
        WHERE PRODUCT <> 'OTHER LOAN'
        AND CRE_RH_Tagging IS NOT NULL
        AND Report_Date IN ({{report_dates}})
    ) AS Housing_Loans_to_Others_Count;

",monthly
324,Schedule V,Loan Outstandings,2.3-Non-housing Loans to others (excluding 2.1 and 2.2 above),R1342,C212,No. of accounts,Mart,part-1,Part-1C,Outstanding_mart,"(populate count(Loan_no_new) where, nhb_Product = 'Other Loan') - (Sr. no 313 + Sr. no 319)","SELECT 
    COUNT(LOAN_NUMBER_NEW) - 
    SUM(CASE WHEN CUSTOMER_TYPE = 'CORPORATE' THEN 1 ELSE 0 END) -
    SUM(CASE WHEN CUSTOMER_TYPE != 'CORPORATE' THEN 1 ELSE 0 END) AS COUNT
FROM  DISHA_MART_ANALYTICS.REGULATORY_MART.OUTSTANDING_MART 
WHERE PRODUCT = 'OTHER LOAN' 
AND Report_Date IN ({{report_dates}});",monthly
336,Schedule V,Loan Outstandings,1.3-Housing Loans to others (excluding 1.1 and 1.2 above),R1329,C213,Gross carrying amount (Note-2),Mart,part-1,Part-1C,Outstanding_mart,"(populate sum(HL_POS) where, nhb_Product <> 'Other Loan') - (Sr. No 327 + Sr.No 333)","

SELECT 
    (
       
        SELECT COALESCE(SUM(HL_bifurcation_of__EAD), 0)
        FROM  DISHA_MART_ANALYTICS.REGULATORY_MART.OUTSTANDING_MART
        WHERE Product <> 'OTHER LOAN'
        AND Report_Date IN ({{report_dates}})
    ) 
    - 
    (
      
        SELECT COALESCE(SUM(HL_bifurcation_of__EAD), 0)
        FROM  DISHA_MART_ANALYTICS.REGULATORY_MART.OUTSTANDING_MART
        WHERE Customer_type = 'INDIVIDUAL'
        AND (
            (CRE_RH_Tagging IS NULL AND Product IN ('Purchase', 'Construction')) OR  
            (Product = 'Resale Property Purchase') OR                            
            (Product = 'Repair and Renovation Loan')                              
        )
        AND Report_Date IN ({{report_dates}})
    )
    - 
    (
     
        SELECT COALESCE(SUM(HL_bifurcation_of__EAD), 0)
        FROM  DISHA_MART_ANALYTICS.REGULATORY_MART.OUTSTANDING_MART
        WHERE Product <> 'OTHER LOAN'
        AND CRE_RH_Tagging IS NOT NULL
        AND Report_Date IN ({{report_dates}})
    ) AS Housing_Loans_to_Others;",monthly
349,Schedule V,Loan Outstandings,2.3-Non-housing Loans to others (excluding 2.1 and 2.2 above),R1342,C213,Gross carrying amount (Note-2),Mart,part-1,Part-1C,Outstanding_mart,"(populate sum(NHL_POS)   where, nhb_Product = 'Other Loan') - (Sr. no 338 + Sr. no 344)","WITH base_nhl AS (
    SELECT SUM(NHL_POS) AS total_nhl_pos
    FROM  DISHA_MART_ANALYTICS.REGULATORY_MART.OUTSTANDING_MART
    WHERE nhb_Product = 'OTHER LOAN'
    AND Report_Date IN ({{report_dates}})  
),

individuals_total AS (
   
    SELECT 0 AS individuals_amount 
),

builders_corporates AS (
   
    SELECT COALESCE(SUM(NHL_bifurcation_of__EAD), 0) AS builders_corporates_amount
    FROM  DISHA_MART_ANALYTICS.REGULATORY_MART.OUTSTANDING_MART
    WHERE nhb_Product = 'OTHER LOAN'
    AND Customer_type = 'CORPORATE'
    AND Report_Date IN ({{report_dates}})
)

SELECT 
    base_nhl.total_nhl_pos - 
    individuals_total.individuals_amount - 
    builders_corporates.builders_corporates_amount AS gross_carrying_amount
FROM base_nhl
CROSS JOIN individuals_total
CROSS JOIN builders_corporates;",monthly
361,Schedule V,Loan Outstandings,1.3-Housing Loans to others (excluding 1.1 and 1.2 above),R1329,C214,No. of accounts,Mart,part-1,Part-1C,Outstanding_mart,"(populate count(Loan_no_new) where, nhb_Product <> 'Other Loan') - (Sr. No 352 + Sr.No 358)
","SELECT 
    (
       
        SELECT COUNT(LOAN_NUMBER_NEW) 
        FROM  DISHA_MART_ANALYTICS.REGULATORY_MART.OUTSTANDING_MART
        WHERE Product <> 'OTHER LOAN'
        AND Report_Date IN ({{report_dates}})
    ) 
    - 
    (
    
        SELECT COUNT(LOAN_NUMBER_NEW)
        FROM  DISHA_MART_ANALYTICS.REGULATORY_MART.OUTSTANDING_MART
        WHERE Customer_type = 'INDIVIDUAL'
        AND CRE_RH_Tagging = 'No'
        AND Report_Date IN ({{report_dates}})
    )
    -
    (

        SELECT COUNT(LOAN_NUMBER_NEW)
        FROM  DISHA_MART_ANALYTICS.REGULATORY_MART.OUTSTANDING_MART
        WHERE Product <> 'OTHER LOAN'
        AND CRE_RH_Tagging IS NULL
        AND Report_Date IN ({{report_dates}})
    ) AS Housing_Loans_to_Others_Count;

",monthly
374,Schedule V,Loan Outstandings,2.3-Non-housing Loans to others (excluding 2.1 and 2.2 above),R1342,C214,No. of accounts,Mart,part-1,Part-1C,Outstanding_mart,"(populate count(Loan_no_new) where, nhb_Product = 'Other Loan') - (Sr. no 363 + Sr. no 369)","WITH total_other_loans AS (
    SELECT COUNT(LOAN_NUMBER_NEW) AS total_count
    FROM  DISHA_MART_ANALYTICS.REGULATORY_MART.OUTSTANDING_MART
    WHERE PRODUCT = 'OTHER LOAN'
    AND Report_Date IN ({{report_dates}})
),
individuals_loans AS (
  
    SELECT COUNT(LOAN_NUMBER_NEW) AS individuals_count
    FROM  DISHA_MART_ANALYTICS.REGULATORY_MART.OUTSTANDING_MART
    WHERE PRODUCT = 'OTHER LOAN'
    AND CUSTOMER_TYPE = 'INDIVIDUAL'
    AND Report_Date IN ({{report_dates}})
),
builders_corporates_loans AS (
  
    SELECT COUNT(LOAN_NUMBER_NEW) AS builders_corporates_count
    FROM  DISHA_MART_ANALYTICS.REGULATORY_MART.OUTSTANDING_MART
    WHERE PRODUCT = 'OTHER LOAN'
    AND CUSTOMER_TYPE = 'CORPORATE'
    AND Report_Date IN ({{report_dates}})
)
SELECT 
    (t.total_count - i.individuals_count - b.builders_corporates_count) AS non_housing_loans_others_count
FROM total_other_loans t
CROSS JOIN individuals_loans i
CROSS JOIN builders_corporates_loans b;
",monthly
378,Schedule V,Loan Outstandings,(i) for construction/purchase of new units,R1321,C215,Gross carrying amount (Note-2),Mart,part-1,Part-1C,Outstanding_mart,"sum(On_book_POS ) of Current month - 
sum(On_book_POS ) of last month  + Sum(disbursal_amount) from Disbursement_Details where disbursal_date BETWEEN [START_MONTH_DATE of Report_date] and [END_MONTH_DATE of Report_date]
group by Loan_no
where,
1- Customer_type = 'INDIVIDUAL'
2- CRE_RH_Tagging is null
3- nhb_Product = ('Purchase', 'Construction')",,monthly
381,Schedule V,Loan Outstandings,(ii) for purchasing old units (Resale),R1324,C215,Gross carrying amount (Note-2),Mart,part-1,Part-1C,Outstanding_mart,"sum(Principal_Outstanding ) of Current month - 
sum(Principal_Outstanding ) of last month  + Loan_Amount_Disbursed_during_the_Month_(Rs.)
where,
1- Customer_type = 'INDIVIDUAL'
2- nhb_Product = 'Resale Property Purchase'",,monthly
382,Schedule V,Loan Outstandings,(iii) for repair & renovation of existing units,R1325,C215,Gross carrying amount (Note-2),Mart,part-1,Part-1C,Outstanding_mart,"sum(Principal_Outstanding ) of Current month - 
sum(Principal_Outstanding ) of last month  + Loan_Amount_Disbursed_during_the_Month_(Rs.)where,
1- Customer_type = 'INDIVIDUAL'
2- nhb_Product = 'Repair and Renovation Loan'",,monthly
384,Schedule V,Loan Outstandings,(i) Residential Projects,R1327,C215,Gross carrying amount (Note-2),Mart,part-1,Part-1C,Outstanding_mart,"sum(On_book_POS ) of Current month - 
sum(On_book_POS ) of last month  + Sum(disbursal_amount) from Disbursement_Details where disbursal_date BETWEEN [START_MONTH_DATE of Report_date] and [END_MONTH_DATE of Report_date]
group by Loan_no
where,
1- nhb_Product <> 'Other Loan'
2- CRE_RH_Tagging is not null",,monthly
386,Schedule V,Loan Outstandings,1.3-Housing Loans to others (excluding 1.1 and 1.2 above),R1329,C215,Gross carrying amount (Note-2),Mart,part-1,Part-1C,Outstanding_mart,"(sum(Principal_Outstanding ) of last month  + Loan_Amount_Disbursed_during_the_Month_(Rs.)
where,
1- nhb_Product <> 'Other Loan') - (Sr. No 377 + Sr.No 383)
",,monthly
397,Schedule V,Loan Outstandings,(iii) Others,R1340,C215,Gross carrying amount (Note-2),Mart,part-1,Part-1C,Outstanding_mart,"sum(Principal_Outstanding ) of last month  + Loan_Amount_Disbursed_during_the_Month_(Rs.)
where,
1- nhb_Product = 'Other Loan'
2- Customer_type = 'CORPORATE'",,monthly
399,Schedule V,Loan Outstandings,2.3-Non-housing Loans to others (excluding 2.1 and 2.2 above),R1342,C215,Gross carrying amount (Note-2),Mart,part-1,Part-1C,Outstanding_mart,"(sum(Principal_Outstanding ) of last month  + Loan_Amount_Disbursed_during_the_Month_(Rs.)
where, nhb_Product = 'Other Loan') - (Sr. no 388 + Sr. no 394)",,monthly
411,Schedule V,Loan Outstandings,1.3-Housing Loans to others (excluding 1.1 and 1.2 above),R1329,C216,No. of accounts,Mart,part-1,Part-1C,Outstanding_mart,"(populate count(Loan_no_new) where, nhb_Product <> 'Other Loan') - (Sr. No 402 + Sr.No 408)
","SELECT 
    (

        SELECT COUNT(LOAN_NUMBER_NEW)
        FROM  DISHA_MART_ANALYTICS.REGULATORY_MART.OUTSTANDING_MART
        WHERE Product <> 'OTHER LOAN'
        AND Report_Date IN ({{report_dates}})
    ) 
    - 
    (

        SELECT COUNT(LOAN_NUMBER_NEW)
        FROM  DISHA_MART_ANALYTICS.REGULATORY_MART.OUTSTANDING_MART
        WHERE Customer_type = 'INDIVIDUAL'
        AND (
            (CRE_RH_Tagging IS NULL AND Product IN ('Purchase', 'Construction')) OR  
            (Product = 'Resale Property Purchase') OR                                
            (Product = 'Repair and Renovation Loan')                            
        )
        AND Report_Date IN ({{report_dates}})
    )
    -
    (
      
        SELECT COUNT(LOAN_NUMBER_NEW)
        FROM  DISHA_MART_ANALYTICS.REGULATORY_MART.OUTSTANDING_MART
        WHERE Product <> 'OTHER LOAN'
        AND CRE_RH_Tagging IS NOT NULL  
        AND Report_Date IN ({{report_dates}})
    ) AS Housing_Loans_to_Others;",monthly
424,Schedule V,Loan Outstandings,2.3-Non-housing Loans to others (excluding 2.1 and 2.2 above),R1342,C216,No. of accounts,Mart,part-1,Part-1C,Outstanding_mart,"(populate count(Loan_no_new) where, nhb_Product = 'Other Loan') - (Sr. no 413 + Sr. no 419)","SELECT COUNT(LOAN_NUMBER_NEW) 
FROM  DISHA_MART_ANALYTICS.REGULATORY_MART.OUTSTANDING_MART
WHERE Product = 'OTHER LOAN'
  AND Customer_type NOT IN ('INDIVIDUAL', 'CORPORATE')
  AND Report_Date IN ({{report_dates}});",monthly
436,Schedule V,Loan Outstandings,1.3-Housing Loans to others (excluding 1.1 and 1.2 above),R1329,C217,Gross carrying amount (Note-2),Mart,part-1,Part-1C,Outstanding_mart,"(populate sum(HL_POS) where, nhb_Product <> 'Other Loan') - (Sr. No 427 + Sr.No 433)","SELECT 
    (

        SELECT COALESCE(SUM(HL_POS), 0)
        FROM  DISHA_MART_ANALYTICS.REGULATORY_MART.OUTSTANDING_MART
        WHERE Product <> 'OTHER LOAN'
        AND Report_Date IN ({{report_dates}})
    ) 
    - 
    (

        SELECT COALESCE(SUM(HL_bifurcation_of__EAD), 0)
        FROM  DISHA_MART_ANALYTICS.REGULATORY_MART.OUTSTANDING_MART
        WHERE Customer_type = 'INDIVIDUAL'
        AND Product IN ('Purchase', 'Construction', 'Resale Property Purchase', 'Repair and Renovation Loan')
        AND Report_Date IN ({{report_dates}})
    )
    -
    (

        SELECT COALESCE(SUM(HL_bifurcation_of__EAD), 0)
        FROM  DISHA_MART_ANALYTICS.REGULATORY_MART.OUTSTANDING_MART
        WHERE Product <> 'OTHER LOAN'
        AND CRE_RH_Tagging IS NOT NULL
        AND Report_Date IN ({{report_dates}})
    ) AS Housing_Loans_to_Others;",monthly
449,Schedule V,Loan Outstandings,2.3-Non-housing Loans to others (excluding 2.1 and 2.2 above),R1342,C217,Gross carrying amount (Note-2),Mart,part-1,Part-1C,Outstanding_mart,"(populate sum(NHL_POS)   where, nhb_Product = 'Other Loan') - (Sr. no 438 + Sr. no 444)","SELECT 
    (

        SELECT SUM(NHL_POS) 
        FROM  DISHA_MART_ANALYTICS.REGULATORY_MART.OUTSTANDING_MART
        WHERE Product = 'OTHER LOAN'
        AND Report_Date IN ({{report_dates}})
    ) 
    - 
    (

        SELECT SUM(NHL_bifurcation_of__EAD)
        FROM  DISHA_MART_ANALYTICS.REGULATORY_MART.OUTSTANDING_MART
        WHERE Product = 'OTHER LOAN'
        AND Customer_type = 'INDIVIDUAL'
        AND Report_Date IN ({{report_dates}})
    )
    -
    (

        SELECT SUM(NHL_bifurcation_of__EAD)
        FROM  DISHA_MART_ANALYTICS.REGULATORY_MART.OUTSTANDING_MART
        WHERE Product = 'OTHER LOAN'
        AND Customer_type = 'CORPORATE'
        AND Report_Date IN ({{report_dates}})
    ) AS Non_Housing_Loans_to_Others;",monthly
465,Schedule V,NPAs (Credit Impaired),1.3-Housing Loans to others (excluding 1.1 and 1.2 above),R1357,C220,No. of accounts,Mart,part-1,Part-1E,Outstanding_mart,"(populate count(Loan_no_new) where, nhb_Product <> 'Other Loan'  and staging = 'stage 3') - (Sr. No 456 + Sr.No 462)
","SELECT 
    (

        SELECT COUNT(Loan_number_new)
        FROM  DISHA_MART_ANALYTICS.REGULATORY_MART.OUTSTANDING_MART
        WHERE nhb_Product <> 'Other Loan'
          AND Asset_classification_Ind_AS = 'Stage 3'
          AND Report_Date IN ({{report_dates}})
    ) 
    - 
    (

        SELECT COUNT(Loan_number_new)
        FROM  DISHA_MART_ANALYTICS.REGULATORY_MART.OUTSTANDING_MART
        WHERE Customer_type = 'INDIVIDUAL'
          AND Asset_classification_Ind_AS = 'Stage 3'
          AND (

              (CRE_RH_Tagging IS NULL AND PRODUCT IN ('Purchase', 'Construction'))
              OR
           
              (PRODUCT = 'Resale Property Purchase')
              OR
              
              (PRODUCT = 'Repair and Renovation Loan')
          )
          AND Report_Date IN ({{report_dates}})
    )
    -
    (

        SELECT COUNT(Loan_number_new)
        FROM  DISHA_MART_ANALYTICS.REGULATORY_MART.OUTSTANDING_MART
        WHERE PRODUCT <> 'OTHER LOAN'
          AND CRE_RH_Tagging IS NOT NULL
          AND Asset_classification_Ind_AS = 'Stage 3'
          AND Report_Date IN ({{report_dates}})
    ) AS Housing_Loans_to_Others_Count;",monthly
478,Schedule V,NPAs (Credit Impaired),2.3-Non-housing Loans to others (excluding 2.1 and 2.2 above),R1370,C220,No. of accounts,Mart,part-1,Part-1E,Outstanding_mart,"(populate count(Loan_no_new) where, nhb_Product = 'Other Loan' and staging = 'Stage 3' ) - (Sr. no 467 + Sr. no 473)","WITH stage3_other_loans AS (
    SELECT COUNT(Loan_number_new) as total_stage3_count
    FROM  DISHA_MART_ANALYTICS.REGULATORY_MART.OUTSTANDING_MART
    WHERE Product = 'OTHER LOAN'
    AND Asset_classification_Ind_AS  = 'Stage 3'
    AND Report_Date IN ({{report_dates}})
),

individuals_npa AS (
    SELECT COUNT(Loan_number_new) as individuals_count
    FROM  DISHA_MART_ANALYTICS.REGULATORY_MART.OUTSTANDING_MART
    WHERE Product = 'OTHER LOAN'
    AND Asset_classification_Ind_AS  = 'Stage 3'
    AND Customer_type = 'INDIVIDUAL'
    AND Report_Date IN ({{report_dates}})
),

builders_corporates_npa AS (

    SELECT COUNT(Loan_number_new) as builders_corporates_count
    FROM  DISHA_MART_ANALYTICS.REGULATORY_MART.OUTSTANDING_MART
    WHERE Product = 'OTHER LOAN'
    AND Asset_classification_Ind_AS  = 'Stage 3'
    AND Customer_type = 'CORPORATE'
    AND Report_Date IN ({{report_dates}})
)

SELECT 
    s.total_stage3_count - (i.individuals_count + b.builders_corporates_count) as sr_478_result
FROM stage3_other_loans s
CROSS JOIN individuals_npa i
CROSS JOIN builders_corporates_npa b;",monthly
496,Schedule V,NPAs (Credit Impaired),1.3-Housing Loans to others (excluding 1.1 and 1.2 above),R1357,C221,Amt. outstanding Reporting month's end,Mart,part-1,Part-1E,Outstanding_mart,"(populate sum(HL_bifurcation_of__EAD) where, nhb_Product <> 'Other Loan'  and staging = 'stage 3') - (Sr. No 487 + Sr.No 493)","SELECT 
    (

        SELECT COALESCE(SUM(HL_bifurcation_of__EAD), 0)
        FROM  DISHA_MART_ANALYTICS.REGULATORY_MART.OUTSTANDING_MART
        WHERE Product <> 'OTHER LOAN'
        AND Asset_classification_Ind_AS = 'Stage 3'
        AND Report_Date IN ({{report_dates}})
    ) 
    - 
    (

        SELECT COALESCE(SUM(HL_bifurcation_of__EAD), 0)
        FROM  DISHA_MART_ANALYTICS.REGULATORY_MART.OUTSTANDING_MART
        WHERE Customer_type = 'INDIVIDUAL'
        AND Product IN ('Purchase', 'Construction', 'Resale Property Purchase', 'Repair and Renovation Loan')
        AND Asset_classification_Ind_AS = 'Stage 3'
        AND Report_Date IN ({{report_dates}})
    )
    -
    (

        SELECT COALESCE(SUM(HL_bifurcation_of__EAD), 0)
        FROM  DISHA_MART_ANALYTICS.REGULATORY_MART.OUTSTANDING_MART
        WHERE Product <> 'OTHER LOAN'
        AND CRE_RH_Tagging IS NOT NULL
        AND Asset_classification_Ind_AS = 'Stage 3'
        AND Report_Date IN ({{report_dates}})
    ) AS Housing_Loans_to_Others_Amount;",monthly
509,Schedule V,NPAs (Credit Impaired),2.3-Non-housing Loans to others (excluding 2.1 and 2.2 above),R1370,C221,Amt. outstanding Reporting month's end,Mart,part-1,Part-1E,Outstanding_mart,"(populate count(NHL_bifur_of__EAD) where, nhb_Product = 'Other Loan' and staging = 'Stage 3' ) - (Sr. no 498 + Sr. no 504)","SELECT 
    (

        (SELECT COUNT(NHL_bifurcation_of__EAD) 
         FROM  DISHA_MART_ANALYTICS.REGULATORY_MART.OUTSTANDING_MART
         WHERE nhb_Product = 'OTHER LOAN' 
         AND  Asset_classification_Ind_AS = 'Stage 3'
         AND Report_Date IN ({{report_dates}}))
        - 

        COALESCE(
            (SELECT SUM(NHL_bifurcation_of__EAD) 
             FROM  DISHA_MART_ANALYTICS.REGULATORY_MART.OUTSTANDING_MART
             WHERE nhb_Product = 'OTHER LOAN'
             AND Customer_type = 'INDIVIDUAL'
             AND  Asset_classification_Ind_AS = 'Stage 3'
             AND Report_Date IN ({{report_dates}})), 0)
        - 

        COALESCE(
            (SELECT SUM(NHL_bifurcation_of__EAD) 
             FROM  DISHA_MART_ANALYTICS.REGULATORY_MART.OUTSTANDING_MART
             WHERE nhb_Product = 'OTHER LOAN'
             AND Customer_type = 'CORPORATE'
             AND  Asset_classification_Ind_AS = 'Stage 3'
             AND Report_Date IN ({{report_dates}})), 0)
    ) as non_housing_loans_others;


             ",monthly
11,Schedule V,Loan Sanctions,1.3-Housing Loans to others (excluding 1.1 and 1.2 above),R1279,C200,No. of accounts,Mart,part-1,Part-1A,Sanction_period_mart_V1,"(populate count(Loan_no_new) where, Product_NHB <> 'Other Loan') - (Sr. No 2 + Sr.No 8)
","SELECT 
(
SELECT COUNT(Loan_number_new)
FROM DISHA_MART_ANALYTICS.REGULATORY_MART.SANCTION_PERIOD_MART_V1
WHERE PRODUCT_NHB <> 'OTHER LOAN'
AND Report_Date IN ({{report_dates}})
AND Report_Date IN ({{report_dates}})
) - (
SELECT COUNT(Loan_number_new)
FROM DISHA_MART_ANALYTICS.REGULATORY_MART.SANCTION_PERIOD_MART_V1
WHERE Customer_type = 'INDIVIDUAL'
AND (
(CRE_RH_Tagging IS NULL AND PRODUCT_NHB IN ('Purchase', 'Construction'))
OR (PRODUCT_NHB = 'Resale Property Purchase')
OR (PRODUCT_NHB = 'Repair and Renovation Loan')
)
AND Report_Date IN ({{report_dates}})
AND Report_Date IN ({{report_dates}})
) - (
SELECT COUNT(Loan_number_new)
FROM DISHA_MART_ANALYTICS.REGULATORY_MART.SANCTION_PERIOD_MART_V1
WHERE CRE_RH_Tagging IS NOT NULL
AND PRODUCT_NHB <> 'OTHER LOAN'
AND Report_Date IN ({{report_dates}})
AND Report_Date IN ({{report_dates}})
) AS housing_loans_to_others;
",monthly
50,Schedule V,Loan Sanctions,3-Total,R1293,C201,Gross carrying amount (Note-2),derived ,part-1,Part-1A,,,,monthly
200,Schedule V,Loan Disbursements,3-Total,R1318,C207,Gross carrying amount (Note-2),derived ,part-1,Part-1B,,,,monthly
350,Schedule V,Loan Outstandings,3-Total,R1343,C213,Gross carrying amount (Note-2),derived ,part-1,Part-1C,,,,monthly
400,Schedule V,Loan Outstandings,3-Total,R1343,C215,Gross carrying amount (Note-2),derived ,part-1,Part-1C,,,,monthly
1,Schedule V,Loan Sanctions,1- Housing Loans,R1269,C200,No. of accounts,derived ,part-1,Part-1A,,,,monthly
2,Schedule V,Loan Sanctions,1.1-Individuals,R1270,C200,No. of accounts,derived ,part-1,Part-1A,,,,monthly
3,Schedule V,Loan Sanctions,(i) for construction/purchase of new units,R1271,C200,No. of accounts,Mart,part-1,Part-1A,Sanction_period_mart_V1,"populate count(Loan_no_new) where,
1- Customer_type = 'INDIVIDUAL'
2- CRE_RH_Tagging is null
3- Product_NHB = ('Purchase', 'Construction')","SELECT COUNT(Loan_number_new) 
FROM DISHA_MART_ANALYTICS.REGULATORY_MART.SANCTION_PERIOD_MART_V1
WHERE Customer_type = 'INDIVIDUAL' 
AND CRE_RH_Tagging  IS NULL
AND PRODUCT_NHB IN ('Purchase', 'Construction')
  AND Report_Date IN ({{report_dates}}) ",monthly
4,Schedule V,Loan Sanctions,"(a) Out of the 1.1(i) above, loans granted for purchase of dwelling units from builders (under construction + completed)",R1272,C200,No. of accounts,Mart,part-1,Part-1A,Sanction_period_mart_V1,"populate count(Loan_no_new) where,
Transaction_structure = ('Builder Purchase', 'General APF')","SELECT COUNT(Loan_number_new) 
FROM DISHA_MART_ANALYTICS.REGULATORY_MART.SANCTION_PERIOD_MART_V1
WHERE Transaction_structure IN ('BUILDER_PURCHASE', 'GENERAL_APF')
  AND Report_Date IN ({{report_dates}})",monthly
5,Schedule V,Loan Sanctions,"(b) Out of the 1.1(i) above, loans granted for Plot + Construction",R1273,C200,No. of accounts,Mart,part-1,Part-1A,Sanction_period_mart_V1,"populate count(Loan_no_new) where,
1- Customer_type = 'INDIVIDUAL'
2- system_product = 'Purchase and Construction'","SELECT COUNT(Loan_number_new) 
FROM DISHA_MART_ANALYTICS.REGULATORY_MART.SANCTION_PERIOD_MART_V1
WHERE Customer_type = 'INDIVIDUAL' 
AND PRODUCT_NHB IN ('Purchase', 'Construction')
AND Report_Date IN ({{report_dates}});",monthly
6,Schedule V,Loan Sanctions,(ii) for purchasing old units (Resale),R1274,C200,No. of accounts,Mart,part-1,Part-1A,Sanction_period_mart_V1,"populate count(Loan_no_new) where,
1- Customer_type = 'INDIVIDUAL'
2- Product_NHB = 'Resale Property Purchase'","SELECT COUNT(Loan_number_new) 
FROM DISHA_MART_ANALYTICS.REGULATORY_MART.SANCTION_PERIOD_MART_V1
WHERE Customer_type = 'INDIVIDUAL' 
AND PRODUCT_NHB = 'Resale Property Purchase'
AND Report_Date IN ({{report_dates}});",monthly
7,Schedule V,Loan Sanctions,(iii) for repair & renovation of existing units,R1275,C200,No. of accounts,Mart,part-1,Part-1A,Sanction_period_mart_V1,"populate count(Loan_no_new) where,
1- Customer_type = 'INDIVIDUAL'
2- Product_NHB = 'Repair and Renovation Loan'","SELECT COUNT(Loan_number_new) 
FROM DISHA_MART_ANALYTICS.REGULATORY_MART.SANCTION_PERIOD_MART_V1
WHERE Customer_type = 'INDIVIDUAL' 
AND PRODUCT_NHB = 'Repair and Renovation Loan'
AND Report_Date IN ({{report_dates}});",monthly
8,Schedule V,Loan Sanctions,1.2-Builders and Corporates,R1276,C200,No. of accounts,derived ,part-1,Part-1A,,,,monthly
9,Schedule V,Loan Sanctions,(i) Residential Projects,R1277,C200,No. of accounts,Mart,part-1,Part-1A,Sanction_period_mart_V1,"populate count(Loan_no_new) where,
1- Product_NHB <> 'Other Loan'
2- CRE_RH_Tagging is not NULL","SELECT COUNT(Loan_number_new) 
FROM DISHA_MART_ANALYTICS.REGULATORY_MART.SANCTION_PERIOD_MART_V1
WHERE CRE_RH_Tagging IS NOT NULL
AND PRODUCT_NHB <> 'OTHER LOAN'
AND Report_Date IN ({{report_dates}});",monthly
10,Schedule V,Loan Sanctions,"(a) Out of the 1.2(i) above, Loans for Slum Rehabilitation Authority (SRA)",R1278,C200,No. of accounts,NA,part-1,Part-1A,,,,monthly
12,Schedule V,Loan Sanctions,2-Non-Housing Loans,R1280,C200,No. of accounts,derived ,part-1,Part-1A,,,,monthly
13,Schedule V,Loan Sanctions,2.1-Individuals,R1281,C200,No. of accounts,derived ,part-1,Part-1A,,,,monthly
14,Schedule V,Loan Sanctions,(i) for mortgage/property/home equity loans/LAP,R1282,C200,No. of accounts,Mart,part-1,Part-1A,Sanction_period_mart_V1,"populate count(Loan_no_new) where,
1- Customer_type = 'INDIVIDUAL'
2- Product_NHB = 'Other Loan'","SELECT COUNT(Loan_number_new) 
FROM DISHA_MART_ANALYTICS.REGULATORY_MART.SANCTION_PERIOD_MART_V1
WHERE Customer_type = 'INDIVIDUAL'
  AND PRODUCT_NHB = 'OTHER LOAN'
  AND Report_Date IN ({{report_dates}})",monthly
15,Schedule V,Loan Sanctions,(ii) Lease Rental Discounting,R1283,C200,No. of accounts,NA,part-1,Part-1A,,,,monthly
16,Schedule V,Loan Sanctions,(iii) Others,R1284,C200,No. of accounts,NA,part-1,Part-1A,,,,monthly
17,Schedule V,Loan Sanctions,(a) Of (iii) above loan against the security of shares/ debentures / bonds,R1285,C200,No. of accounts,NA,part-1,Part-1A,,,,monthly
18,Schedule V,Loan Sanctions,(b) Of (iii) above loans against security of gold jewellery,R1286,C200,No. of accounts,NA,part-1,Part-1A,,,,monthly
19,Schedule V,Loan Sanctions,2.2-Builders and Corporates,R1287,C200,No. of accounts,derived ,part-1,Part-1A,,,,monthly
20,Schedule V,Loan Sanctions,(i) Non-residential projects,R1288,C200,No. of accounts,NA,part-1,Part-1A,,,,monthly
21,Schedule V,Loan Sanctions,(ii) Lease Rental Discounting,R1289,C200,No. of accounts,NA,part-1,Part-1A,,,,monthly
22,Schedule V,Loan Sanctions,(iii) Others,R1290,C200,No. of accounts,Mart,part-1,Part-1A,Sanction_period_mart_V1,"populate count(Loan_no_new) where,
1- Product_NHB = 'Other Loan'
2- Customer_type = 'Corporate'","SELECT COUNT(Loan_number_new) 
FROM DISHA_MART_ANALYTICS.REGULATORY_MART.SANCTION_PERIOD_MART_V1
WHERE Customer_type = 'CORPORATE'
AND PRODUCT_NHB = 'OTHER LOAN'
AND Report_Date IN ({{report_dates}})",monthly
23,Schedule V,Loan Sanctions,(a) Of (iii) above loan against the security of shares/ debentures / bonds,R1291,C200,No. of accounts,NA,part-1,Part-1A,,,,monthly
25,Schedule V,Loan Sanctions,3-Total,R1293,C200,No. of accounts,derived ,part-1,Part-1A,,,,monthly
26,Schedule V,Loan Sanctions,1- Housing Loans,R1269,C201,Gross carrying amount (Note-2),derived ,part-1,Part-1A,,,,monthly
27,Schedule V,Loan Sanctions,1.1-Individuals,R1270,C201,Gross carrying amount (Note-2),derived ,part-1,Part-1A,,,,monthly
28,Schedule V,Loan Sanctions,(i) for construction/purchase of new units,R1271,C201,Gross carrying amount (Note-2),Mart,part-1,Part-1A,Sanction_period_mart_V1,"populate sum(HL_bifur_of_Sanction_amt) where,
1- Customer_type = 'INDIVIDUAL'
2- CRE_RH_Tagging is null
3- Product_NHB = ('Purchase', 'Construction')","SELECT SUM(HL_bifur_of_Sanction_amt) 
FROM DISHA_MART_ANALYTICS.REGULATORY_MART.SANCTION_PERIOD_MART_V1
WHERE Customer_type = 'INDIVIDUAL'
AND PRODUCT_NHB IN ('Purchase', 'Construction')
AND CRE_RH_Tagging IS NULL
AND Report_Date IN ({{report_dates}})",monthly
29,Schedule V,Loan Sanctions,"(a) Out of the 1.1(i) above, loans granted for purchase of dwelling units from builders (under construction + completed)",R1272,C201,Gross carrying amount (Note-2),Mart,part-1,Part-1A,Sanction_period_mart_V1,"populate sum(HL_Bifur_sanction_amt) where,
Transaction_structure = ('Builder Purchase', 'General APF')","SELECT SUM(HL_bifur_of_Sanction_amt) 
FROM DISHA_MART_ANALYTICS.REGULATORY_MART.SANCTION_PERIOD_MART_V1
WHERE Transaction_structure IN ('BUILDER_PURCHASE', 'GENERAL_APF')
AND Report_Date IN ({{report_dates}})",monthly
30,Schedule V,Loan Sanctions,"(b) Out of the 1.1(i) above, loans granted for Plot + Construction",R1273,C201,Gross carrying amount (Note-2),Mart,part-1,Part-1A,Sanction_period_mart_V1,"populate sum(HL_Bifur_of_Sanction_amt) where,
1- Customer_type = 'INDIVIDUAL'
2- system_product = 'Purchase and Construction'","SELECT SUM(HL_bifur_of_Sanction_amt) 
FROM DISHA_MART_ANALYTICS.REGULATORY_MART.SANCTION_PERIOD_MART_V1
WHERE Customer_type = 'INDIVIDUAL'
AND PRODUCT_NHB IN ('Purchase', 'Construction')
AND Report_Date IN ({{report_dates}})",monthly
31,Schedule V,Loan Sanctions,(ii) for purchasing old units (Resale),R1274,C201,Gross carrying amount (Note-2),Mart,part-1,Part-1A,Sanction_period_mart_V1,"populate sum(HL_bifur_of_Sanction_amt)  where,
1- Customer_type = 'INDIVIDUAL'
2- Product_NHB = 'Resale Property Purchase'","SELECT SUM(HL_bifur_of_Sanction_amt) 
FROM DISHA_MART_ANALYTICS.REGULATORY_MART.SANCTION_PERIOD_MART_V1
WHERE Customer_type = 'INDIVIDUAL'
AND Product_NHB = 'Resale Property Purchase'
AND Report_Date IN ({{report_dates}})",monthly
32,Schedule V,Loan Sanctions,(iii) for repair & renovation of existing units,R1275,C201,Gross carrying amount (Note-2),Mart,part-1,Part-1A,Sanction_period_mart_V1,"populate sum(HL_bifur_of_Sanction_amt)  where,
1- Customer_type = 'INDIVIDUAL'
2- Product_NHB = 'Repair and Renovation Loan'","SELECT SUM(HL_bifur_of_Sanction_amt) 
FROM DISHA_MART_ANALYTICS.REGULATORY_MART.SANCTION_PERIOD_MART_V1
WHERE Customer_type = 'INDIVIDUAL'
AND Product_NHB = 'Repair and Renovation Loan'
AND Report_Date IN ({{report_dates}})",monthly
33,Schedule V,Loan Sanctions,1.2-Builders and Corporates,R1276,C201,Gross carrying amount (Note-2),derived ,part-1,Part-1A,,,,monthly
34,Schedule V,Loan Sanctions,(i) Residential Projects,R1277,C201,Gross carrying amount (Note-2),Mart,part-1,Part-1A,Sanction_period_mart_V1,"populate sum(HL_bifur_of_Sanction_amt) where,
1- Product_NHB <> 'Other Loan'
2- CRE_RH_Tagging is not null","SELECT SUM(HL_bifur_of_Sanction_amt) 
FROM DISHA_MART_ANALYTICS.REGULATORY_MART.SANCTION_PERIOD_MART_V1
WHERE Product_NHB <> 'Other Loan'
AND CRE_RH_Tagging is not null
AND Report_Date IN ({{report_dates}})",monthly
35,Schedule V,Loan Sanctions,"(a) Out of the 1.2(i) above, Loans for Slum Rehabilitation Authority (SRA)",R1278,C201,Gross carrying amount (Note-2),NA,part-1,Part-1A,,,,monthly
37,Schedule V,Loan Sanctions,2-Non-Housing Loans,R1280,C201,Gross carrying amount (Note-2),derived ,part-1,Part-1A,,,,monthly
38,Schedule V,Loan Sanctions,2.1-Individuals,R1281,C201,Gross carrying amount (Note-2),derived ,part-1,Part-1A,,,,monthly
39,Schedule V,Loan Sanctions,(i) for mortgage/property/home equity loans/LAP,R1282,C201,Gross carrying amount (Note-2),NA,part-1,Part-1A,,,,monthly
40,Schedule V,Loan Sanctions,(ii) Lease Rental Discounting,R1283,C201,Gross carrying amount (Note-2),NA,part-1,Part-1A,,,,monthly
41,Schedule V,Loan Sanctions,(iii) Others,R1284,C201,Gross carrying amount (Note-2),NA,part-1,Part-1A,,,,monthly
42,Schedule V,Loan Sanctions,(a) Of (iii) above loan against the security of shares/ debentures / bonds,R1285,C201,Gross carrying amount (Note-2),NA,part-1,Part-1A,,,,monthly
43,Schedule V,Loan Sanctions,(b) Of (iii) above loans against security of gold jewellery,R1286,C201,Gross carrying amount (Note-2),NA,part-1,Part-1A,,,,monthly
44,Schedule V,Loan Sanctions,2.2-Builders and Corporates,R1287,C201,Gross carrying amount (Note-2),derived ,part-1,Part-1A,,,,monthly
45,Schedule V,Loan Sanctions,(i) Non-residential projects,R1288,C201,Gross carrying amount (Note-2),NA,part-1,Part-1A,,,,monthly
46,Schedule V,Loan Sanctions,(ii) Lease Rental Discounting,R1289,C201,Gross carrying amount (Note-2),NA,part-1,Part-1A,,,,monthly
47,Schedule V,Loan Sanctions,(iii) Others,R1290,C201,Gross carrying amount (Note-2),Mart,part-1,Part-1A,Sanction_period_mart_V1,"populate sum(NHL_bifur_of_Sanction_amt)  where,
1- Product_NHB = 'Other Loan'
2- Customer_type = 'CORPORATE'","SELECT SUM(NHL_bifur_of_Sanction_amt) 
FROM DISHA_MART_ANALYTICS.REGULATORY_MART.SANCTION_PERIOD_MART_V1
WHERE Product_NHB = 'OTHER LOAN'
AND Customer_type = 'CORPORATE'
AND Report_Date IN ({{report_dates}})",monthly
48,Schedule V,Loan Sanctions,(a) Of (iii) above loan against the security of shares/ debentures / bonds,R1291,C201,Gross carrying amount (Note-2),NA,part-1,Part-1A,,,,monthly
51,Schedule V,Loan Sanctions,1- Housing Loans,R1269,C202,No. of accounts,derived ,part-1,Part-1A,,,,monthly
52,Schedule V,Loan Sanctions,1.1-Individuals,R1270,C202,No. of accounts,derived ,part-1,Part-1A,,,,monthly
53,Schedule V,Loan Sanctions,(i) for construction/purchase of new units,R1271,C202,No. of accounts,derived ,part-1,Part-1A,,,,monthly
54,Schedule V,Loan Sanctions,"(a) Out of the 1.1(i) above, loans granted for purchase of dwelling units from builders (under construction + completed)",R1272,C202,No. of accounts,derived ,part-1,Part-1A,,,,monthly
55,Schedule V,Loan Sanctions,"(b) Out of the 1.1(i) above, loans granted for Plot + Construction",R1273,C202,No. of accounts,derived ,part-1,Part-1A,,,,monthly
56,Schedule V,Loan Sanctions,(ii) for purchasing old units (Resale),R1274,C202,No. of accounts,derived ,part-1,Part-1A,,,,monthly
57,Schedule V,Loan Sanctions,(iii) for repair & renovation of existing units,R1275,C202,No. of accounts,derived ,part-1,Part-1A,,,,monthly
58,Schedule V,Loan Sanctions,1.2-Builders and Corporates,R1276,C202,No. of accounts,derived ,part-1,Part-1A,,,,monthly
59,Schedule V,Loan Sanctions,(i) Residential Projects,R1277,C202,No. of accounts,derived ,part-1,Part-1A,,,,monthly
60,Schedule V,Loan Sanctions,"(a) Out of the 1.2(i) above, Loans for Slum Rehabilitation Authority (SRA)",R1278,C202,No. of accounts,NA,part-1,Part-1A,,,,monthly
61,Schedule V,Loan Sanctions,1.3-Housing Loans to others (excluding 1.1 and 1.2 above),R1279,C202,No. of accounts,derived ,part-1,Part-1A,,,,monthly
62,Schedule V,Loan Sanctions,2-Non-Housing Loans,R1280,C202,No. of accounts,derived ,part-1,Part-1A,,,,monthly
63,Schedule V,Loan Sanctions,2.1-Individuals,R1281,C202,No. of accounts,derived ,part-1,Part-1A,,,,monthly
64,Schedule V,Loan Sanctions,(i) for mortgage/property/home equity loans/LAP,R1282,C202,No. of accounts,NA,part-1,Part-1A,,,,monthly
65,Schedule V,Loan Sanctions,(ii) Lease Rental Discounting,R1283,C202,No. of accounts,NA,part-1,Part-1A,,,,monthly
66,Schedule V,Loan Sanctions,(iii) Others,R1284,C202,No. of accounts,derived ,part-1,Part-1A,,,,monthly
67,Schedule V,Loan Sanctions,(a) Of (iii) above loan against the security of shares/ debentures / bonds,R1285,C202,No. of accounts,NA,part-1,Part-1A,,,,monthly
68,Schedule V,Loan Sanctions,(b) Of (iii) above loans against security of gold jewellery,R1286,C202,No. of accounts,NA,part-1,Part-1A,,,,monthly
69,Schedule V,Loan Sanctions,2.2-Builders and Corporates,R1287,C202,No. of accounts,derived ,part-1,Part-1A,,,,monthly
70,Schedule V,Loan Sanctions,(i) Non-residential projects,R1288,C202,No. of accounts,NA,part-1,Part-1A,,,,monthly
71,Schedule V,Loan Sanctions,(ii) Lease Rental Discounting,R1289,C202,No. of accounts,NA,part-1,Part-1A,,,,monthly
72,Schedule V,Loan Sanctions,(iii) Others,R1290,C202,No. of accounts,derived ,part-1,Part-1A,,,,monthly
73,Schedule V,Loan Sanctions,(a) Of (iii) above loan against the security of shares/ debentures / bonds,R1291,C202,No. of accounts,NA,part-1,Part-1A,,,,monthly
74,Schedule V,Loan Sanctions,2.3-Non-housing Loans to others (excluding 2.1 and 2.2 above),R1292,C202,No. of accounts,derived ,part-1,Part-1A,,,,monthly
75,Schedule V,Loan Sanctions,3-Total,R1293,C202,No. of accounts,derived ,part-1,Part-1A,,,,monthly
76,Schedule V,Loan Sanctions,1- Housing Loans,R1269,C203,Gross carrying amount (Note-2),derived ,part-1,Part-1A,,,,monthly
77,Schedule V,Loan Sanctions,1.1-Individuals,R1270,C203,Gross carrying amount (Note-2),derived ,part-1,Part-1A,,,,monthly
78,Schedule V,Loan Sanctions,(i) for construction/purchase of new units,R1271,C203,Gross carrying amount (Note-2),derived ,part-1,Part-1A,,,,monthly
79,Schedule V,Loan Sanctions,"(a) Out of the 1.1(i) above, loans granted for purchase of dwelling units from builders (under construction + completed)",R1272,C203,Gross carrying amount (Note-2),derived ,part-1,Part-1A,,,,monthly
80,Schedule V,Loan Sanctions,"(b) Out of the 1.1(i) above, loans granted for Plot + Construction",R1273,C203,Gross carrying amount (Note-2),derived ,part-1,Part-1A,,,,monthly
81,Schedule V,Loan Sanctions,(ii) for purchasing old units (Resale),R1274,C203,Gross carrying amount (Note-2),derived ,part-1,Part-1A,,,,monthly
82,Schedule V,Loan Sanctions,(iii) for repair & renovation of existing units,R1275,C203,Gross carrying amount (Note-2),derived ,part-1,Part-1A,,,,monthly
83,Schedule V,Loan Sanctions,1.2-Builders and Corporates,R1276,C203,Gross carrying amount (Note-2),derived ,part-1,Part-1A,,,,monthly
84,Schedule V,Loan Sanctions,(i) Residential Projects,R1277,C203,Gross carrying amount (Note-2),derived ,part-1,Part-1A,,,,monthly
85,Schedule V,Loan Sanctions,"(a) Out of the 1.2(i) above, Loans for Slum Rehabilitation Authority (SRA)",R1278,C203,Gross carrying amount (Note-2),NA,part-1,Part-1A,,,,monthly
86,Schedule V,Loan Sanctions,1.3-Housing Loans to others (excluding 1.1 and 1.2 above),R1279,C203,Gross carrying amount (Note-2),derived ,part-1,Part-1A,,,,monthly
87,Schedule V,Loan Sanctions,2-Non-Housing Loans,R1280,C203,Gross carrying amount (Note-2),derived ,part-1,Part-1A,,,,monthly
88,Schedule V,Loan Sanctions,2.1-Individuals,R1281,C203,Gross carrying amount (Note-2),derived ,part-1,Part-1A,,,,monthly
89,Schedule V,Loan Sanctions,(i) for mortgage/property/home equity loans/LAP,R1282,C203,Gross carrying amount (Note-2),NA,part-1,Part-1A,,,,monthly
90,Schedule V,Loan Sanctions,(ii) Lease Rental Discounting,R1283,C203,Gross carrying amount (Note-2),NA,part-1,Part-1A,,,,monthly
91,Schedule V,Loan Sanctions,(iii) Others,R1284,C203,Gross carrying amount (Note-2),derived ,part-1,Part-1A,,,,monthly
92,Schedule V,Loan Sanctions,(a) Of (iii) above loan against the security of shares/ debentures / bonds,R1285,C203,Gross carrying amount (Note-2),NA,part-1,Part-1A,,,,monthly
93,Schedule V,Loan Sanctions,(b) Of (iii) above loans against security of gold jewellery,R1286,C203,Gross carrying amount (Note-2),NA,part-1,Part-1A,,,,monthly
94,Schedule V,Loan Sanctions,2.2-Builders and Corporates,R1287,C203,Gross carrying amount (Note-2),derived ,part-1,Part-1A,,,,monthly
95,Schedule V,Loan Sanctions,(i) Non-residential projects,R1288,C203,Gross carrying amount (Note-2),NA,part-1,Part-1A,,,,monthly
96,Schedule V,Loan Sanctions,(ii) Lease Rental Discounting,R1289,C203,Gross carrying amount (Note-2),NA,part-1,Part-1A,,,,monthly
97,Schedule V,Loan Sanctions,(iii) Others,R1290,C203,Gross carrying amount (Note-2),derived ,part-1,Part-1A,,,,monthly
98,Schedule V,Loan Sanctions,(a) Of (iii) above loan against the security of shares/ debentures / bonds,R1291,C203,Gross carrying amount (Note-2),NA,part-1,Part-1A,,,,monthly
99,Schedule V,Loan Sanctions,2.3-Non-housing Loans to others (excluding 2.1 and 2.2 above),R1292,C203,Gross carrying amount (Note-2),derived ,part-1,Part-1A,,,,monthly
100,Schedule V,Loan Sanctions,3-Total,R1293,C203,Gross carrying amount (Note-2),derived ,part-1,Part-1A,,,,monthly
101,Schedule V,Loan Sanctions,1- Housing Loans,R1269,C204,No. of accounts,derived ,part-1,Part-1A,,,,monthly
102,Schedule V,Loan Sanctions,1.1-Individuals,R1270,C204,No. of accounts,derived ,part-1,Part-1A,,,,monthly
103,Schedule V,Loan Sanctions,(i) for construction/purchase of new units,R1271,C204,No. of accounts,Mart,part-1,Part-1A,Sanction_period_mart_V1,"populate count(Loan_no_new) where,
1- Customer_type = 'INDIVIDUAL'
2- CRE_RH_Tagging is null
3- Product_NHB = ('Purchase', 'Construction')","SELECT COUNT(Loan_number_new) 
FROM DISHA_MART_ANALYTICS.REGULATORY_MART.SANCTION_PERIOD_MART_V1
WHERE Customer_type = 'INDIVIDUAL'
AND CRE_RH_Tagging is null
AND PRODUCT_NHB IN ('Purchase', 'Construction')
AND Report_Date IN ({{report_dates}})",monthly
104,Schedule V,Loan Sanctions,"(a) Out of the 1.1(i) above, loans granted for purchase of dwelling units from builders (under construction + completed)",R1272,C204,No. of accounts,Mart,part-1,Part-1A,Sanction_period_mart_V1,"populate count(Loan_no_new) where,
Transaction_structure = ('Builder Purchase', 'General APF')","SELECT COUNT(Loan_number_new) 
FROM DISHA_MART_ANALYTICS.REGULATORY_MART.SANCTION_PERIOD_MART_V1
WHERE Transaction_structure IN ('BUILDER_PURCHASE', 'GENERAL_APF')
AND Report_Date IN ({{report_dates}})",monthly
105,Schedule V,Loan Sanctions,"(b) Out of the 1.1(i) above, loans granted for Plot + Construction",R1273,C204,No. of accounts,Mart,part-1,Part-1A,Sanction_period_mart_V1,"populate count(Loan_no_new) where,
1- Customer_type = 'INDIVIDUAL'
2- system_product = 'Purchase and Construction'","SELECT COUNT(Loan_number_new) 
FROM DISHA_MART_ANALYTICS.REGULATORY_MART.SANCTION_PERIOD_MART_V1
WHERE Customer_type = 'INDIVIDUAL'
AND PRODUCT_NHB IN ('Purchase', 'Construction')
AND Report_Date IN ({{report_dates}})",monthly
106,Schedule V,Loan Sanctions,(ii) for purchasing old units (Resale),R1274,C204,No. of accounts,Mart,part-1,Part-1A,Sanction_period_mart_V1,"populate count(Loan_no_new) where,
1- Customer_type = 'INDIVIDUAL'
2- Product_NHB = 'Resale Property Purchase'","SELECT COUNT(Loan_number_new) 
FROM DISHA_MART_ANALYTICS.REGULATORY_MART.SANCTION_PERIOD_MART_V1
WHERE Customer_type = 'INDIVIDUAL'
AND PRODUCT_NHB= 'Resale Property Purchase'
AND Report_Date IN ({{report_dates}})",monthly
107,Schedule V,Loan Sanctions,(iii) for repair & renovation of existing units,R1275,C204,No. of accounts,Mart,part-1,Part-1A,Sanction_period_mart_V1,"populate count(Loan_no_new) where,
1- Customer_type = 'INDIVIDUAL'
2- Product_NHB = 'Repair and Renovation Loan'","SELECT COUNT(Loan_number_new) 
FROM DISHA_MART_ANALYTICS.REGULATORY_MART.SANCTION_PERIOD_MART_V1
WHERE Customer_type = 'INDIVIDUAL'
AND PRODUCT_NHB= 'Repair and Renovation Loan'
AND Report_Date IN ({{report_dates}})",monthly
108,Schedule V,Loan Sanctions,1.2-Builders and Corporates,R1276,C204,No. of accounts,derived ,part-1,Part-1A,,,,monthly
109,Schedule V,Loan Sanctions,(i) Residential Projects,R1277,C204,No. of accounts,Mart,part-1,Part-1A,Sanction_period_mart_V1,"populate count(Loan_no_new) where,
1- Product_NHB <> 'Other Loan'
2- CRE_RH_Tagging is not NULL","SELECT COUNT(Loan_number_new) 
FROM DISHA_MART_ANALYTICS.REGULATORY_MART.SANCTION_PERIOD_MART_V1
WHERE  Product_NHB <> 'OTHER LOAN'
AND CRE_RH_Tagging is not NULL
AND Report_Date IN ({{report_dates}})",monthly
110,Schedule V,Loan Sanctions,"(a) Out of the 1.2(i) above, Loans for Slum Rehabilitation Authority (SRA)",R1278,C204,No. of accounts,NA,part-1,Part-1A,,,,monthly
112,Schedule V,Loan Sanctions,2-Non-Housing Loans,R1280,C204,No. of accounts,derived ,part-1,Part-1A,,,,monthly
113,Schedule V,Loan Sanctions,2.1-Individuals,R1281,C204,No. of accounts,derived ,part-1,Part-1A,,,,monthly
114,Schedule V,Loan Sanctions,(i) for mortgage/property/home equity loans/LAP,R1282,C204,No. of accounts,NA,part-1,Part-1A,,,,monthly
115,Schedule V,Loan Sanctions,(ii) Lease Rental Discounting,R1283,C204,No. of accounts,NA,part-1,Part-1A,,,,monthly
116,Schedule V,Loan Sanctions,(iii) Others,R1284,C204,No. of accounts,NA,part-1,Part-1A,,,,monthly
117,Schedule V,Loan Sanctions,(a) Of (iii) above loan against the security of shares/ debentures / bonds,R1285,C204,No. of accounts,NA,part-1,Part-1A,,,,monthly
118,Schedule V,Loan Sanctions,(b) Of (iii) above loans against security of gold jewellery,R1286,C204,No. of accounts,NA,part-1,Part-1A,,,,monthly
119,Schedule V,Loan Sanctions,2.2-Builders and Corporates,R1287,C204,No. of accounts,derived ,part-1,Part-1A,,,,monthly
120,Schedule V,Loan Sanctions,(i) Non-residential projects,R1288,C204,No. of accounts,NA,part-1,Part-1A,,,,monthly
121,Schedule V,Loan Sanctions,(ii) Lease Rental Discounting,R1289,C204,No. of accounts,NA,part-1,Part-1A,,,,monthly
122,Schedule V,Loan Sanctions,(iii) Others,R1290,C204,No. of accounts,Mart,part-1,Part-1A,Sanction_period_mart_V1,"populate count(Loan_no_new) where,
1- Product_NHB = 'Other Loan'
2- Customer_type = 'CORPORATE'","SELECT COUNT(Loan_number_new) 
FROM DISHA_MART_ANALYTICS.REGULATORY_MART.SANCTION_PERIOD_MART_V1
WHERE  Product_NHB = 'OTHER LOAN'
AND Customer_type = 'CORPORATE'
AND Report_Date IN ({{report_dates}})",monthly
123,Schedule V,Loan Sanctions,(a) Of (iii) above loan against the security of shares/ debentures / bonds,R1291,C204,No. of accounts,NA,part-1,Part-1A,,,,monthly
125,Schedule V,Loan Sanctions,3-Total,R1293,C204,No. of accounts,derived ,part-1,Part-1A,,,,monthly
126,Schedule V,Loan Sanctions,1- Housing Loans,R1269,C205,Gross carrying amount (Note-2),derived ,part-1,Part-1A,,,,monthly
127,Schedule V,Loan Sanctions,1.1-Individuals,R1270,C205,Gross carrying amount (Note-2),derived ,part-1,Part-1A,,,,monthly
128,Schedule V,Loan Sanctions,(i) for construction/purchase of new units,R1271,C205,Gross carrying amount (Note-2),Mart,part-1,Part-1A,Sanction_period_mart_V1,"populate sum(HL_bifur_of_Sanction_amt) where,
1- Customer_type = 'INDIVIDUAL'
2- CRE_RH_Tagging is null
3- Product_NHB = ('Purchase', 'Construction')","SELECT sum(HL_bifur_of_Sanction_amt) 
FROM DISHA_MART_ANALYTICS.REGULATORY_MART.SANCTION_PERIOD_MART_V1
WHERE Customer_type = 'INDIVIDUAL'
AND CRE_RH_Tagging is null
AND Product_NHB IN ('Purchase', 'Construction')
AND Report_Date IN ({{report_dates}})",monthly
129,Schedule V,Loan Sanctions,"(a) Out of the 1.1(i) above, loans granted for purchase of dwelling units from builders (under construction + completed)",R1272,C205,Gross carrying amount (Note-2),Mart,part-1,Part-1A,Sanction_period_mart_V1,"populate sum(HL_Bifur_sanction_amt) where,
Transaction_structure = ('Builder Purchase', 'General APF')","SELECT sum(HL_bifur_of_Sanction_amt) 
FROM DISHA_MART_ANALYTICS.REGULATORY_MART.SANCTION_PERIOD_MART_V1
WHERE Transaction_structure IN ('BUILDER_PURCHASE', 'GENERAL_APF')
AND Report_Date IN ({{report_dates}})",monthly
130,Schedule V,Loan Sanctions,"(b) Out of the 1.1(i) above, loans granted for Plot + Construction",R1273,C205,Gross carrying amount (Note-2),Mart,part-1,Part-1A,Sanction_period_mart_V1,"populate sum(HL_Bifur_of_Sanction_amt) where,
1- Customer_type = 'INDIVIDUAL'
2- system_product = 'Purchase and Construction'","SELECT sum(HL_bifur_of_Sanction_amt) 
FROM DISHA_MART_ANALYTICS.REGULATORY_MART.SANCTION_PERIOD_MART_V1
WHERE Customer_type = 'INDIVIDUAL'
AND system_product = 'Purchase and Construction'
AND Report_Date IN ({{report_dates}})",monthly
131,Schedule V,Loan Sanctions,(ii) for purchasing old units (Resale),R1274,C205,Gross carrying amount (Note-2),Mart,part-1,Part-1A,Sanction_period_mart_V1,"populate sum(HL_bifur_of_Sanction_amt)  where,
1- Customer_type = 'INDIVIDUAL'
2- Product_NHB = 'Resale Property Purchase'","SELECT sum(HL_bifur_of_Sanction_amt) 
FROM DISHA_MART_ANALYTICS.REGULATORY_MART.SANCTION_PERIOD_MART_V1
WHERE Customer_type = 'INDIVIDUAL'
AND Product_NHB = 'Resale Property Purchase'
AND Report_Date IN ({{report_dates}})",monthly
132,Schedule V,Loan Sanctions,(iii) for repair & renovation of existing units,R1275,C205,Gross carrying amount (Note-2),Mart,part-1,Part-1A,Sanction_period_mart_V1,"populate sum(HL_bifur_of_Sanction_amt)  where,
1- Customer_type = 'INDIVIDUAL'
2- Product_NHB = 'Repair and Renovation Loan'","SELECT sum(HL_bifur_of_Sanction_amt) 
FROM DISHA_MART_ANALYTICS.REGULATORY_MART.SANCTION_PERIOD_MART_V1
WHERE Customer_type = 'INDIVIDUAL'
AND Product_NHB = 'Repair and Renovation Loan'
AND Report_Date IN ({{report_dates}})",monthly
133,Schedule V,Loan Sanctions,1.2-Builders and Corporates,R1276,C205,Gross carrying amount (Note-2),derived ,part-1,Part-1A,,,,monthly
134,Schedule V,Loan Sanctions,(i) Residential Projects,R1277,C205,Gross carrying amount (Note-2),Mart,part-1,Part-1A,Sanction_period_mart_V1,"populate sum(HL_bifur_of_Sanction_amt) where,
1- Product_NHB <> 'Other Loan'
2- CRE_RH_Tagging is null","SELECT sum(HL_bifur_of_Sanction_amt) 
FROM DISHA_MART_ANALYTICS.REGULATORY_MART.SANCTION_PERIOD_MART_V1
WHERE Product_NHB <> 'OTHER LOAN'
AND CRE_RH_Tagging is null
AND Report_Date IN ({{report_dates}})",monthly
135,Schedule V,Loan Sanctions,"(a) Out of the 1.2(i) above, Loans for Slum Rehabilitation Authority (SRA)",R1278,C205,Gross carrying amount (Note-2),NA,part-1,Part-1A,,,,monthly
137,Schedule V,Loan Sanctions,2-Non-Housing Loans,R1280,C205,Gross carrying amount (Note-2),derived ,part-1,Part-1A,,,,monthly
138,Schedule V,Loan Sanctions,2.1-Individuals,R1281,C205,Gross carrying amount (Note-2),derived ,part-1,Part-1A,,,,monthly
139,Schedule V,Loan Sanctions,(i) for mortgage/property/home equity loans/LAP,R1282,C205,Gross carrying amount (Note-2),NA,part-1,Part-1A,,,,monthly
140,Schedule V,Loan Sanctions,(ii) Lease Rental Discounting,R1283,C205,Gross carrying amount (Note-2),NA,part-1,Part-1A,,,,monthly
141,Schedule V,Loan Sanctions,(iii) Others,R1284,C205,Gross carrying amount (Note-2),NA,part-1,Part-1A,,,,monthly
142,Schedule V,Loan Sanctions,(a) Of (iii) above loan against the security of shares/ debentures / bonds,R1285,C205,Gross carrying amount (Note-2),NA,part-1,Part-1A,,,,monthly
143,Schedule V,Loan Sanctions,(b) Of (iii) above loans against security of gold jewellery,R1286,C205,Gross carrying amount (Note-2),NA,part-1,Part-1A,,,,monthly
144,Schedule V,Loan Sanctions,2.2-Builders and Corporates,R1287,C205,Gross carrying amount (Note-2),derived ,part-1,Part-1A,,,,monthly
145,Schedule V,Loan Sanctions,(i) Non-residential projects,R1288,C205,Gross carrying amount (Note-2),NA,part-1,Part-1A,,,,monthly
146,Schedule V,Loan Sanctions,(ii) Lease Rental Discounting,R1289,C205,Gross carrying amount (Note-2),NA,part-1,Part-1A,,,,monthly
147,Schedule V,Loan Sanctions,(iii) Others,R1290,C205,Gross carrying amount (Note-2),Mart,part-1,Part-1A,Sanction_period_mart_V1,"populate sum(NHL_bifur_of_Sanction_amt)  where,
1- Product_NHB = 'Other Loan'
2- Customer_type = 'CORPORATE'","SELECT sum(NHL_bifur_of_Sanction_amt) 
FROM DISHA_MART_ANALYTICS.REGULATORY_MART.SANCTION_PERIOD_MART_V1
WHERE Product_NHB = 'OTHER LOAN'
AND Customer_type = 'CORPORATE'
AND Report_Date IN ({{report_dates}})",monthly
148,Schedule V,Loan Sanctions,(a) Of (iii) above loan against the security of shares/ debentures / bonds,R1291,C205,Gross carrying amount (Note-2),NA,part-1,Part-1A,,,,monthly
151,Schedule V,Loan Disbursements,1- Housing Loans,R1294,C206,No. of accounts,derived ,part-1,Part-1B,,,,monthly
152,Schedule V,Loan Disbursements,1.1-Individuals,R1295,C206,No. of accounts,derived ,part-1,Part-1B,,,,monthly
153,Schedule V,Loan Disbursements,(i) for construction/purchase of new units,R1296,C206,No. of accounts,Mart,part-1,Part-1B,DISBURSEMENT_PERIOD_MART,"populate count of distinct(Loan_no_new) where,
1- Customer_type = 'INDIVIDUAL'
2- CRE_RH_Tagging is null
3- Product_NHB = ('Purchase', 'Construction')","SELECT COUNT(DISTINCT(Loan_number_new))
FROM DISHA_MART_ANALYTICS.REGULATORY_MART.DISBURSEMENT_PERIOD_MART
WHERE Customer_type = 'INDIVIDUAL'
AND CRE_RH_Tagging is null
AND PRODUCT_NHB IN ('Purchase', 'Construction')
AND Report_Date IN ({{report_dates}})",monthly
154,Schedule V,Loan Disbursements,"(a) Out of the 1.1(i) above, loans granted for purchase of dwelling units from builders (under construction + completed)",R1297,C206,No. of accounts,Mart,part-1,Part-1B,DISBURSEMENT_PERIOD_MART,"populate count of distinct(Loan_no_new) where,
Transaction_structure = ('Builder Purchase', 'General APF')","SELECT COUNT(DISTINCT(Loan_number_new))
FROM DISHA_MART_ANALYTICS.REGULATORY_MART.DISBURSEMENT_PERIOD_MART
WHERE Transaction_structure IN ('BUILDER_PURCHASE', 'GENERAL_APF')
AND Report_Date IN ({{report_dates}})",monthly
155,Schedule V,Loan Disbursements,"(b) Out of the 1.1(i) above, loans granted for Plot + Construction",R1298,C206,No. of accounts,Mart,part-1,Part-1B,DISBURSEMENT_PERIOD_MART,"populate count of distinct(Loan_no_new) where,
1- Customer_type = 'INDIVIDUAL'
2- system_product = 'Purchase and Construction'","SELECT COUNT(DISTINCT(Loan_number_new))
FROM DISHA_MART_ANALYTICS.REGULATORY_MART.DISBURSEMENT_PERIOD_MART
WHERE Customer_type = 'INDIVIDUAL'
AND PRODUCT = 'Purchase and Construction'
AND Report_Date IN ({{report_dates}})",monthly
156,Schedule V,Loan Disbursements,(ii) for purchasing old units (Resale),R1299,C206,No. of accounts,Mart,part-1,Part-1B,DISBURSEMENT_PERIOD_MART,"populate count of distinct(Loan_no_new) where,
1- Customer_type = 'INDIVIDUAL'
2- Product_NHB = 'Resale Property Purchase'","SELECT COUNT(DISTINCT(Loan_number_new))
FROM DISHA_MART_ANALYTICS.REGULATORY_MART.DISBURSEMENT_PERIOD_MART
WHERE Customer_type = 'INDIVIDUAL'
AND PRODUCT = 'Resale Property Purchase'
AND Report_Date IN ({{report_dates}})",monthly
157,Schedule V,Loan Disbursements,(iii) for repair & renovation of existing units,R1300,C206,No. of accounts,Mart,part-1,Part-1B,DISBURSEMENT_PERIOD_MART,"populate count of distinct(Loan_no_new) where,
1- Customer_type = 'INDIVIDUAL'
2- Product_NHB = 'Repair and Renovation Loan'","SELECT COUNT(DISTINCT(Loan_number_new))
FROM DISHA_MART_ANALYTICS.REGULATORY_MART.DISBURSEMENT_PERIOD_MART
WHERE Customer_type = 'INDIVIDUAL'
AND PRODUCT = 'Repair and Renovation Loan'
AND Report_Date IN ({{report_dates}})",monthly
158,Schedule V,Loan Disbursements,1.2-Builders and Corporates,R1301,C206,No. of accounts,derived ,part-1,Part-1B,,,,monthly
159,Schedule V,Loan Disbursements,(i) Residential Projects,R1302,C206,No. of accounts,Mart,part-1,Part-1B,DISBURSEMENT_PERIOD_MART,"populate count of distinct(Loan_no_new) where,
1- Product_NHB <> 'Other Loan'
2- CRE_RH_Tagging is not null","SELECT COUNT(DISTINCT(Loan_number_new))
FROM DISHA_MART_ANALYTICS.REGULATORY_MART.DISBURSEMENT_PERIOD_MART
WHERE Product_NHB <> 'OTHER LOAN'
AND CRE_RH_Tagging is not null
AND Report_Date IN ({{report_dates}})",monthly
160,Schedule V,Loan Disbursements,"(a) Out of the 1.2(i) above, Loans for Slum Rehabilitation Authority (SRA)",R1303,C206,No. of accounts,NA,part-1,Part-1B,,,,monthly
162,Schedule V,Loan Disbursements,2-Non-Housing Loans,R1305,C206,No. of accounts,derived ,part-1,Part-1B,,,,monthly
163,Schedule V,Loan Disbursements,2.1-Individuals,R1306,C206,No. of accounts,derived ,part-1,Part-1B,,,,monthly
164,Schedule V,Loan Disbursements,(i) for mortgage/property/home equity loans/LAP,R1307,C206,No. of accounts,NA,part-1,Part-1B,,,,monthly
165,Schedule V,Loan Disbursements,(ii) Lease Rental Discounting,R1308,C206,No. of accounts,NA,part-1,Part-1B,,,,monthly
166,Schedule V,Loan Disbursements,(iii) Others,R1309,C206,No. of accounts,NA,part-1,Part-1B,,,,monthly
167,Schedule V,Loan Disbursements,(a) Of (iii) above loan against the security of shares/ debentures / bonds,R1310,C206,No. of accounts,NA,part-1,Part-1B,,,,monthly
168,Schedule V,Loan Disbursements,(b) Of (iii) above loans against security of gold jewellery,R1311,C206,No. of accounts,NA,part-1,Part-1B,,,,monthly
169,Schedule V,Loan Disbursements,2.2-Builders and Corporates,R1312,C206,No. of accounts,derived ,part-1,Part-1B,,,,monthly
170,Schedule V,Loan Disbursements,(i) Non-residential projects,R1313,C206,No. of accounts,NA,part-1,Part-1B,,,,monthly
171,Schedule V,Loan Disbursements,(ii) Lease Rental Discounting,R1314,C206,No. of accounts,NA,part-1,Part-1B,,,,monthly
172,Schedule V,Loan Disbursements,(iii) Others,R1315,C206,No. of accounts,Mart,part-1,Part-1B,DISBURSEMENT_PERIOD_MART,"populate count of distinct(Loan_no_new) where,
1- Product_NHB = 'Other Loan'
2- Customer_type = 'CORPORATE'","SELECT COUNT(DISTINCT(Loan_number_new))
FROM DISHA_MART_ANALYTICS.REGULATORY_MART.DISBURSEMENT_PERIOD_MART
WHERE Product_NHB = 'OTHER LOAN'
AND Customer_type = 'CORPORATE'
AND Report_Date IN ({{report_dates}})",monthly
173,Schedule V,Loan Disbursements,(a) Of (iii) above loan against the security of shares/ debentures / bonds,R1316,C206,No. of accounts,NA,part-1,Part-1B,,,,monthly
175,Schedule V,Loan Disbursements,3-Total,R1318,C206,No. of accounts,derived ,part-1,Part-1B,,,,monthly
176,Schedule V,Loan Disbursements,1- Housing Loans,R1294,C207,Gross carrying amount (Note-2),derived ,part-1,Part-1B,,,,monthly
177,Schedule V,Loan Disbursements,1.1-Individuals,R1295,C207,Gross carrying amount (Note-2),derived ,part-1,Part-1B,,,,monthly
178,Schedule V,Loan Disbursements,(i) for construction/purchase of new units,R1296,C207,Gross carrying amount (Note-2),Mart,part-1,Part-1B,DISBURSEMENT_PERIOD_MART,"populate sum(HL_bifur_of_disb_amt) where,
1- Customer_type = 'INDIVIDUAL'
2- CRE_RH_Tagging is null
3- Product_NHB = ('Purchase', 'Construction')","SELECT sum(HL_bifur_of_disb_amt) 
FROM DISHA_MART_ANALYTICS.REGULATORY_MART.DISBURSEMENT_PERIOD_MART
WHERE  Customer_type = 'INDIVIDUAL'
AND CRE_RH_Tagging is null
AND Product_NHB IN ('Purchase', 'Construction')
AND Report_Date IN ({{report_dates}})",monthly
179,Schedule V,Loan Disbursements,"(a) Out of the 1.1(i) above, loans granted for purchase of dwelling units from builders (under construction + completed)",R1297,C207,Gross carrying amount (Note-2),Mart,part-1,Part-1B,DISBURSEMENT_PERIOD_MART,"populate sum(HL_Bifur_of_disb_amt) where,
Transaction_structure = ('Builder Purchase', 'General APF')","SELECT sum(HL_bifur_of_disb_amt) 
FROM DISHA_MART_ANALYTICS.REGULATORY_MART.DISBURSEMENT_PERIOD_MART
WHERE Transaction_structure IN ('BUILDER_PURCHASE', 'GENERAL_APF')
AND Report_Date IN ({{report_dates}})",monthly
180,Schedule V,Loan Disbursements,"(b) Out of the 1.1(i) above, loans granted for Plot + Construction",R1298,C207,Gross carrying amount (Note-2),Mart,part-1,Part-1B,DISBURSEMENT_PERIOD_MART,"populate sum(HL_Bifur_of_Disb_amt) where,
1- Customer_type = 'INDIVIDUAL'
2- system_product = 'Purchase and Construction'","SELECT sum(HL_bifur_of_disb_amt) 
FROM DISHA_MART_ANALYTICS.REGULATORY_MART.DISBURSEMENT_PERIOD_MART
WHERE Customer_type = 'INDIVIDUAL'
AND product = 'Purchase and Construction'
AND Report_Date IN ({{report_dates}})",monthly
181,Schedule V,Loan Disbursements,(ii) for purchasing old units (Resale),R1299,C207,Gross carrying amount (Note-2),Mart,part-1,Part-1B,DISBURSEMENT_PERIOD_MART,"populate sum(HL_bifur_of_disb_amt)  where,
1- Customer_type = 'INDIVIDUAL'
2- Product_NHB = 'Resale Property Purchase'","SELECT sum(HL_bifur_of_disb_amt) 
FROM DISHA_MART_ANALYTICS.REGULATORY_MART.DISBURSEMENT_PERIOD_MART
WHERE Customer_type = 'INDIVIDUAL'
AND product = 'Resale Property Purchase'
AND Report_Date IN ({{report_dates}})",monthly
182,Schedule V,Loan Disbursements,(iii) for repair & renovation of existing units,R1300,C207,Gross carrying amount (Note-2),Mart,part-1,Part-1B,DISBURSEMENT_PERIOD_MART,"populate sum(HL_bifur_of_disb_amt)  where,
1- Customer_type = 'INDIVIDUAL'
2- Product_NHB = 'Repair and Renovation Loan'","SELECT sum(HL_bifur_of_disb_amt) 
FROM DISHA_MART_ANALYTICS.REGULATORY_MART.DISBURSEMENT_PERIOD_MART
WHERE Customer_type = 'INDIVIDUAL'
AND product = 'Repair and Renovation Loan'
AND Report_Date IN ({{report_dates}})",monthly
183,Schedule V,Loan Disbursements,1.2-Builders and Corporates,R1301,C207,Gross carrying amount (Note-2),derived ,part-1,Part-1B,,,,monthly
184,Schedule V,Loan Disbursements,(i) Residential Projects,R1302,C207,Gross carrying amount (Note-2),Mart,part-1,Part-1B,DISBURSEMENT_PERIOD_MART,"populate sum(HL_bifur_of_disb_amt) where,
1- Product_NHB <> 'Other Loan'
2- CRE_RH_Tagging is not null","SELECT sum(HL_bifur_of_disb_amt) 
FROM DISHA_MART_ANALYTICS.REGULATORY_MART.DISBURSEMENT_PERIOD_MART
WHERE Product_NHB <> 'OTHER LOAN'
AND CRE_RH_Tagging is not null
AND Report_Date IN ({{report_dates}})",monthly
185,Schedule V,Loan Disbursements,"(a) Out of the 1.2(i) above, Loans for Slum Rehabilitation Authority (SRA)",R1303,C207,Gross carrying amount (Note-2),NA,part-1,Part-1B,,,,monthly
187,Schedule V,Loan Disbursements,2-Non-Housing Loans,R1305,C207,Gross carrying amount (Note-2),derived ,part-1,Part-1B,,,,monthly
188,Schedule V,Loan Disbursements,2.1-Individuals,R1306,C207,Gross carrying amount (Note-2),derived ,part-1,Part-1B,,,,monthly
189,Schedule V,Loan Disbursements,(i) for mortgage/property/home equity loans/LAP,R1307,C207,Gross carrying amount (Note-2),NA,part-1,Part-1B,,,,monthly
190,Schedule V,Loan Disbursements,(ii) Lease Rental Discounting,R1308,C207,Gross carrying amount (Note-2),NA,part-1,Part-1B,,,,monthly
191,Schedule V,Loan Disbursements,(iii) Others,R1309,C207,Gross carrying amount (Note-2),NA,part-1,Part-1B,,,,monthly
192,Schedule V,Loan Disbursements,(a) Of (iii) above loan against the security of shares/ debentures / bonds,R1310,C207,Gross carrying amount (Note-2),NA,part-1,Part-1B,,,,monthly
193,Schedule V,Loan Disbursements,(b) Of (iii) above loans against security of gold jewellery,R1311,C207,Gross carrying amount (Note-2),NA,part-1,Part-1B,,,,monthly
194,Schedule V,Loan Disbursements,2.2-Builders and Corporates,R1312,C207,Gross carrying amount (Note-2),derived ,part-1,Part-1B,,,,monthly
195,Schedule V,Loan Disbursements,(i) Non-residential projects,R1313,C207,Gross carrying amount (Note-2),NA,part-1,Part-1B,,,,monthly
196,Schedule V,Loan Disbursements,(ii) Lease Rental Discounting,R1314,C207,Gross carrying amount (Note-2),NA,part-1,Part-1B,,,,monthly
197,Schedule V,Loan Disbursements,(iii) Others,R1315,C207,Gross carrying amount (Note-2),Mart,part-1,Part-1B,DISBURSEMENT_PERIOD_MART,"populate sum(NHL_bifur_of_disb_amt)  where,
1- Product_NHB = 'Other Loan'
2- Customer_type = 'CORPORATE'","SELECT sum(NHL_BIFUR_OF_DISB_AMT) 
FROM DISHA_MART_ANALYTICS.REGULATORY_MART.DISBURSEMENT_PERIOD_MART
WHERE Product_NHB = 'OTHER LOAN'
AND Customer_type = 'CORPORATE'
AND Report_Date IN ({{report_dates}})",monthly
198,Schedule V,Loan Disbursements,(a) Of (iii) above loan against the security of shares/ debentures / bonds,R1316,C207,Gross carrying amount (Note-2),NA,part-1,Part-1B,,,,monthly
201,Schedule V,Loan Disbursements,1- Housing Loans,R1294,C208,No. of accounts,derived ,part-1,Part-1B,,,,monthly
202,Schedule V,Loan Disbursements,1.1-Individuals,R1295,C208,No. of accounts,derived ,part-1,Part-1B,,,,monthly
203,Schedule V,Loan Disbursements,(i) for construction/purchase of new units,R1296,C208,No. of accounts,derived ,part-1,Part-1B,,,,monthly
204,Schedule V,Loan Disbursements,"(a) Out of the 1.1(i) above, loans granted for purchase of dwelling units from builders (under construction + completed)",R1297,C208,No. of accounts,derived ,part-1,Part-1B,,,,monthly
205,Schedule V,Loan Disbursements,"(b) Out of the 1.1(i) above, loans granted for Plot + Construction",R1298,C208,No. of accounts,derived ,part-1,Part-1B,,,,monthly
206,Schedule V,Loan Disbursements,(ii) for purchasing old units (Resale),R1299,C208,No. of accounts,derived ,part-1,Part-1B,,,,monthly
207,Schedule V,Loan Disbursements,(iii) for repair & renovation of existing units,R1300,C208,No. of accounts,derived ,part-1,Part-1B,,,,monthly
208,Schedule V,Loan Disbursements,1.2-Builders and Corporates,R1301,C208,No. of accounts,derived ,part-1,Part-1B,,,,monthly
209,Schedule V,Loan Disbursements,(i) Residential Projects,R1302,C208,No. of accounts,derived ,part-1,Part-1B,,,,monthly
210,Schedule V,Loan Disbursements,"(a) Out of the 1.2(i) above, Loans for Slum Rehabilitation Authority (SRA)",R1303,C208,No. of accounts,NA,part-1,Part-1B,,,,monthly
211,Schedule V,Loan Disbursements,1.3-Housing Loans to others (excluding 1.1 and 1.2 above),R1304,C208,No. of accounts,derived ,part-1,Part-1B,,,,monthly
212,Schedule V,Loan Disbursements,2-Non-Housing Loans,R1305,C208,No. of accounts,derived ,part-1,Part-1B,,,,monthly
213,Schedule V,Loan Disbursements,2.1-Individuals,R1306,C208,No. of accounts,derived ,part-1,Part-1B,,,,monthly
214,Schedule V,Loan Disbursements,(i) for mortgage/property/home equity loans/LAP,R1307,C208,No. of accounts,NA,part-1,Part-1B,,,,monthly
215,Schedule V,Loan Disbursements,(ii) Lease Rental Discounting,R1308,C208,No. of accounts,NA,part-1,Part-1B,,,,monthly
216,Schedule V,Loan Disbursements,(iii) Others,R1309,C208,No. of accounts,derived ,part-1,Part-1B,,,,monthly
217,Schedule V,Loan Disbursements,(a) Of (iii) above loan against the security of shares/ debentures / bonds,R1310,C208,No. of accounts,NA,part-1,Part-1B,,,,monthly
218,Schedule V,Loan Disbursements,(b) Of (iii) above loans against security of gold jewellery,R1311,C208,No. of accounts,NA,part-1,Part-1B,,,,monthly
219,Schedule V,Loan Disbursements,2.2-Builders and Corporates,R1312,C208,No. of accounts,derived ,part-1,Part-1B,,,,monthly
220,Schedule V,Loan Disbursements,(i) Non-residential projects,R1313,C208,No. of accounts,NA,part-1,Part-1B,,,,monthly
221,Schedule V,Loan Disbursements,(ii) Lease Rental Discounting,R1314,C208,No. of accounts,NA,part-1,Part-1B,,,,monthly
222,Schedule V,Loan Disbursements,(iii) Others,R1315,C208,No. of accounts,derived ,part-1,Part-1B,,,,monthly
223,Schedule V,Loan Disbursements,(a) Of (iii) above loan against the security of shares/ debentures / bonds,R1316,C208,No. of accounts,NA,part-1,Part-1B,,,,monthly
224,Schedule V,Loan Disbursements,2.3-Non-housing Loans to others (excluding 2.1 and 2.2 above),R1317,C208,No. of accounts,derived ,part-1,Part-1B,,,,monthly
225,Schedule V,Loan Disbursements,3-Total,R1318,C208,No. of accounts,derived ,part-1,Part-1B,,,,monthly
226,Schedule V,Loan Disbursements,1- Housing Loans,R1294,C209,Gross carrying amount (Note-2),derived ,part-1,Part-1B,,,,monthly
227,Schedule V,Loan Disbursements,1.1-Individuals,R1295,C209,Gross carrying amount (Note-2),derived ,part-1,Part-1B,,,,monthly
228,Schedule V,Loan Disbursements,(i) for construction/purchase of new units,R1296,C209,Gross carrying amount (Note-2),derived ,part-1,Part-1B,,,,monthly
229,Schedule V,Loan Disbursements,"(a) Out of the 1.1(i) above, loans granted for purchase of dwelling units from builders (under construction + completed)",R1297,C209,Gross carrying amount (Note-2),derived ,part-1,Part-1B,,,,monthly
230,Schedule V,Loan Disbursements,"(b) Out of the 1.1(i) above, loans granted for Plot + Construction",R1298,C209,Gross carrying amount (Note-2),derived ,part-1,Part-1B,,,,monthly
231,Schedule V,Loan Disbursements,(ii) for purchasing old units (Resale),R1299,C209,Gross carrying amount (Note-2),derived ,part-1,Part-1B,,,,monthly
232,Schedule V,Loan Disbursements,(iii) for repair & renovation of existing units,R1300,C209,Gross carrying amount (Note-2),derived ,part-1,Part-1B,,,,monthly
233,Schedule V,Loan Disbursements,1.2-Builders and Corporates,R1301,C209,Gross carrying amount (Note-2),derived ,part-1,Part-1B,,,,monthly
234,Schedule V,Loan Disbursements,(i) Residential Projects,R1302,C209,Gross carrying amount (Note-2),derived ,part-1,Part-1B,,,,monthly
235,Schedule V,Loan Disbursements,"(a) Out of the 1.2(i) above, Loans for Slum Rehabilitation Authority (SRA)",R1303,C209,Gross carrying amount (Note-2),NA,part-1,Part-1B,,,,monthly
236,Schedule V,Loan Disbursements,1.3-Housing Loans to others (excluding 1.1 and 1.2 above),R1304,C209,Gross carrying amount (Note-2),derived ,part-1,Part-1B,,,,monthly
237,Schedule V,Loan Disbursements,2-Non-Housing Loans,R1305,C209,Gross carrying amount (Note-2),derived ,part-1,Part-1B,,,,monthly
238,Schedule V,Loan Disbursements,2.1-Individuals,R1306,C209,Gross carrying amount (Note-2),derived ,part-1,Part-1B,,,,monthly
239,Schedule V,Loan Disbursements,(i) for mortgage/property/home equity loans/LAP,R1307,C209,Gross carrying amount (Note-2),NA,part-1,Part-1B,,,,monthly
240,Schedule V,Loan Disbursements,(ii) Lease Rental Discounting,R1308,C209,Gross carrying amount (Note-2),NA,part-1,Part-1B,,,,monthly
241,Schedule V,Loan Disbursements,(iii) Others,R1309,C209,Gross carrying amount (Note-2),derived ,part-1,Part-1B,,,,monthly
242,Schedule V,Loan Disbursements,(a) Of (iii) above loan against the security of shares/ debentures / bonds,R1310,C209,Gross carrying amount (Note-2),NA,part-1,Part-1B,,,,monthly
243,Schedule V,Loan Disbursements,(b) Of (iii) above loans against security of gold jewellery,R1311,C209,Gross carrying amount (Note-2),NA,part-1,Part-1B,,,,monthly
244,Schedule V,Loan Disbursements,2.2-Builders and Corporates,R1312,C209,Gross carrying amount (Note-2),derived ,part-1,Part-1B,,,,monthly
245,Schedule V,Loan Disbursements,(i) Non-residential projects,R1313,C209,Gross carrying amount (Note-2),NA,part-1,Part-1B,,,,monthly
246,Schedule V,Loan Disbursements,(ii) Lease Rental Discounting,R1314,C209,Gross carrying amount (Note-2),NA,part-1,Part-1B,,,,monthly
247,Schedule V,Loan Disbursements,(iii) Others,R1315,C209,Gross carrying amount (Note-2),derived ,part-1,Part-1B,,,,monthly
248,Schedule V,Loan Disbursements,(a) Of (iii) above loan against the security of shares/ debentures / bonds,R1316,C209,Gross carrying amount (Note-2),NA,part-1,Part-1B,,,,monthly
249,Schedule V,Loan Disbursements,2.3-Non-housing Loans to others (excluding 2.1 and 2.2 above),R1317,C209,Gross carrying amount (Note-2),derived ,part-1,Part-1B,,,,monthly
250,Schedule V,Loan Disbursements,3-Total,R1318,C209,Gross carrying amount (Note-2),derived ,part-1,Part-1B,,,,monthly
251,Schedule V,Loan Disbursements,1- Housing Loans,R1294,C210,No. of accounts,derived ,part-1,Part-1B,,,,monthly
252,Schedule V,Loan Disbursements,1.1-Individuals,R1295,C210,No. of accounts,derived ,part-1,Part-1B,,,,monthly
253,Schedule V,Loan Disbursements,(i) for construction/purchase of new units,R1296,C210,No. of accounts,Mart,part-1,Part-1B,DISBURSEMENT_PERIOD_MART,"populate  count of distinct(Loan_no_new) where,
1- Customer_type = 'INDIVIDUAL'
2- CRE_RH_Tagging is null
3- Product_NHB = ('Purchase', 'Construction')","SELECT count(distinct LOAN_NUMBER_NEW) 
FROM DISHA_MART_ANALYTICS.REGULATORY_MART.DISBURSEMENT_PERIOD_MART
WHERE  Customer_type = 'INDIVIDUAL'
AND CRE_RH_Tagging is null
AND Product_NHB IN ('Purchase', 'Construction')
AND Report_Date IN ({{report_dates}})",monthly
254,Schedule V,Loan Disbursements,"(a) Out of the 1.1(i) above, loans granted for purchase of dwelling units from builders (under construction + completed)",R1297,C210,No. of accounts,Mart,part-1,Part-1B,DISBURSEMENT_PERIOD_MART,"populate count of distinct(Loan_no_new) where,
Transaction_structure = ('Builder Purchase', 'General APF')","SELECT count(distinct LOAN_NUMBER_NEW) 
FROM DISHA_MART_ANALYTICS.REGULATORY_MART.DISBURSEMENT_PERIOD_MART
WHERE  Transaction_structure in ('BUILDER_PURCHASE', 'GENERAL_APF')
AND Report_Date IN ({{report_dates}})",monthly
255,Schedule V,Loan Disbursements,"(b) Out of the 1.1(i) above, loans granted for Plot + Construction",R1298,C210,No. of accounts,Mart,part-1,Part-1B,DISBURSEMENT_PERIOD_MART,"populate count of distinct(Loan_no_new) where,
1- Customer_type = 'INDIVIDUAL'
2- system_product = 'Purchase and Construction'","SELECT count(distinct LOAN_NUMBER_NEW) 
FROM DISHA_MART_ANALYTICS.REGULATORY_MART.DISBURSEMENT_PERIOD_MART
WHERE Customer_type = 'INDIVIDUAL'
AND product = 'Purchase and Construction'
AND Report_Date IN ({{report_dates}})",monthly
256,Schedule V,Loan Disbursements,(ii) for purchasing old units (Resale),R1299,C210,No. of accounts,Mart,part-1,Part-1B,DISBURSEMENT_PERIOD_MART,"populate  count of distinct(Loan_no_new) where,
1- Customer_type = 'INDIVIDUAL'
2- Product_NHB = 'Resale Property Purchase'","SELECT count(distinct LOAN_NUMBER_NEW) 
FROM DISHA_MART_ANALYTICS.REGULATORY_MART.DISBURSEMENT_PERIOD_MART
WHERE Customer_type = 'INDIVIDUAL'
AND product = 'Resale Property Purchase'
AND Report_Date IN ({{report_dates}})",monthly
257,Schedule V,Loan Disbursements,(iii) for repair & renovation of existing units,R1300,C210,No. of accounts,Mart,part-1,Part-1B,DISBURSEMENT_PERIOD_MART,"populate  count of distinct(Loan_no_new) where,
1- Customer_type = 'INDIVIDUAL'
2- Product_NHB = 'Repair and Renovation Loan'","SELECT count(distinct LOAN_NUMBER_NEW) 
FROM DISHA_MART_ANALYTICS.REGULATORY_MART.DISBURSEMENT_PERIOD_MART
WHERE Customer_type = 'INDIVIDUAL'
AND product = 'Repair and Renovation Loan'
AND Report_Date IN ({{report_dates}})",monthly
258,Schedule V,Loan Disbursements,1.2-Builders and Corporates,R1301,C210,No. of accounts,derived ,part-1,Part-1B,,,,monthly
259,Schedule V,Loan Disbursements,(i) Residential Projects,R1302,C210,No. of accounts,Mart,part-1,Part-1B,DISBURSEMENT_PERIOD_MART,"populate  count of distinct(Loan_no_new) where,
1- Product_NHB <> 'Other Loan'
2- CRE_RH_Tagging is not null","SELECT count(distinct LOAN_NUMBER_NEW) 
FROM DISHA_MART_ANALYTICS.REGULATORY_MART.DISBURSEMENT_PERIOD_MART
WHERE Product_NHB <> 'OTHER LOAN'
AND CRE_RH_Tagging is not null
AND Report_Date IN ({{report_dates}})",monthly
260,Schedule V,Loan Disbursements,"(a) Out of the 1.2(i) above, Loans for Slum Rehabilitation Authority (SRA)",R1303,C210,No. of accounts,NA,part-1,Part-1B,,,,monthly
262,Schedule V,Loan Disbursements,2-Non-Housing Loans,R1305,C210,No. of accounts,derived ,part-1,Part-1B,,,,monthly
263,Schedule V,Loan Disbursements,2.1-Individuals,R1306,C210,No. of accounts,derived ,part-1,Part-1B,,,,monthly
264,Schedule V,Loan Disbursements,(i) for mortgage/property/home equity loans/LAP,R1307,C210,No. of accounts,NA,part-1,Part-1B,,,,monthly
265,Schedule V,Loan Disbursements,(ii) Lease Rental Discounting,R1308,C210,No. of accounts,NA,part-1,Part-1B,,,,monthly
266,Schedule V,Loan Disbursements,(iii) Others,R1309,C210,No. of accounts,NA,part-1,Part-1B,,,,monthly
267,Schedule V,Loan Disbursements,(a) Of (iii) above loan against the security of shares/ debentures / bonds,R1310,C210,No. of accounts,NA,part-1,Part-1B,,,,monthly
268,Schedule V,Loan Disbursements,(b) Of (iii) above loans against security of gold jewellery,R1311,C210,No. of accounts,NA,part-1,Part-1B,,,,monthly
269,Schedule V,Loan Disbursements,2.2-Builders and Corporates,R1312,C210,No. of accounts,derived ,part-1,Part-1B,,,,monthly
270,Schedule V,Loan Disbursements,(i) Non-residential projects,R1313,C210,No. of accounts,NA,part-1,Part-1B,,,,monthly
271,Schedule V,Loan Disbursements,(ii) Lease Rental Discounting,R1314,C210,No. of accounts,NA,part-1,Part-1B,,,,monthly
272,Schedule V,Loan Disbursements,(iii) Others,R1315,C210,No. of accounts,Mart,part-1,Part-1B,DISBURSEMENT_PERIOD_MART,"populate  count of distinct(Loan_no_new) where,
1- Product_NHB = 'Other Loan'
2- Customer_type = 'CORPORATE'","SELECT count(distinct LOAN_NUMBER_NEW) 
FROM DISHA_MART_ANALYTICS.REGULATORY_MART.DISBURSEMENT_PERIOD_MART
WHERE Product_NHB = 'OTHER LOAN'
AND Customer_type = 'CORPORATE'
AND Report_Date IN ({{report_dates}})",monthly
273,Schedule V,Loan Disbursements,(a) Of (iii) above loan against the security of shares/ debentures / bonds,R1316,C210,No. of accounts,NA,part-1,Part-1B,,,,monthly
275,Schedule V,Loan Disbursements,3-Total,R1318,C210,No. of accounts,derived ,part-1,Part-1B,,,,monthly
276,Schedule V,Loan Disbursements,1- Housing Loans,R1294,C205,Gross carrying amount (Note-2),derived ,part-1,Part-1B,,,,monthly
277,Schedule V,Loan Disbursements,1.1-Individuals,R1295,C211,Gross carrying amount (Note-2),derived ,part-1,Part-1B,,,,monthly
278,Schedule V,Loan Disbursements,(i) for construction/purchase of new units,R1296,C211,Gross carrying amount (Note-2),Mart,part-1,Part-1B,DISBURSEMENT_PERIOD_MART,"populate sum(HL_bifur_of_disb_amt) where,
1- Customer_type = 'INDIVIDUAL'
2- CRE_RH_Tagging is null
3- Product_NHB = ('Purchase', 'Construction')","SELECT sum(HL_bifur_of_disb_amt) 
FROM DISHA_MART_ANALYTICS.REGULATORY_MART.DISBURSEMENT_PERIOD_MART
WHERE Customer_type = 'INDIVIDUAL'
AND CRE_RH_Tagging is null
AND  Product_NHB IN ('Purchase', 'Construction')
AND Report_Date IN ({{report_dates}})",monthly
279,Schedule V,Loan Disbursements,"(a) Out of the 1.1(i) above, loans granted for purchase of dwelling units from builders (under construction + completed)",R1297,C211,Gross carrying amount (Note-2),Mart,part-1,Part-1B,DISBURSEMENT_PERIOD_MART,"populate sum(HL_Bifur_of_disb_amt) where,
Transaction_structure = ('Builder Purchase', 'General APF')","SELECT sum(HL_bifur_of_disb_amt) 
FROM DISHA_MART_ANALYTICS.REGULATORY_MART.DISBURSEMENT_PERIOD_MART
WHERE Transaction_structure IN ('BUILDER_PURCHASE', 'GENERAL_APF')
AND Report_Date IN ({{report_dates}})",monthly
280,Schedule V,Loan Disbursements,"(b) Out of the 1.1(i) above, loans granted for Plot + Construction",R1298,C211,Gross carrying amount (Note-2),Mart,part-1,Part-1B,DISBURSEMENT_PERIOD_MART,"populate sum(HL_Bifur_of_Disb_amt) where,
1- Customer_type = 'INDIVIDUAL'
2- system_product = 'Purchase and Construction'","SELECT sum(HL_bifur_of_disb_amt) 
FROM DISHA_MART_ANALYTICS.REGULATORY_MART.DISBURSEMENT_PERIOD_MART
WHERE Customer_type = 'INDIVIDUAL'
AND product = 'Purchase and Construction'
AND Report_Date IN ({{report_dates}})",monthly
281,Schedule V,Loan Disbursements,(ii) for purchasing old units (Resale),R1299,C211,Gross carrying amount (Note-2),Mart,part-1,Part-1B,DISBURSEMENT_PERIOD_MART,"populate sum(HL_bifur_of_disb_amt)  where,
1- Customer_type = 'INDIVIDUAL'
2- Product_NHB = 'Resale Property Purchase'","SELECT sum(HL_bifur_of_disb_amt) 
FROM DISHA_MART_ANALYTICS.REGULATORY_MART.DISBURSEMENT_PERIOD_MART
WHERE Customer_type = 'INDIVIDUAL'
AND product = 'Resale Property Purchase'
AND Report_Date IN ({{report_dates}})",monthly
282,Schedule V,Loan Disbursements,(iii) for repair & renovation of existing units,R1300,C211,Gross carrying amount (Note-2),Mart,part-1,Part-1B,DISBURSEMENT_PERIOD_MART,"populate sum(HL_bifur_of_disb_amt)  where,
1- Customer_type = 'INDIVIDUAL'
2- Product_NHB = 'Repair and Renovation Loan'","SELECT sum(HL_bifur_of_disb_amt) 
FROM DISHA_MART_ANALYTICS.REGULATORY_MART.DISBURSEMENT_PERIOD_MART
WHERE Customer_type = 'INDIVIDUAL'
AND product = 'Repair and Renovation Loan'
AND Report_Date IN ({{report_dates}})",monthly
283,Schedule V,Loan Disbursements,1.2-Builders and Corporates,R1301,C211,Gross carrying amount (Note-2),derived ,part-1,Part-1B,,,,monthly
284,Schedule V,Loan Disbursements,(i) Residential Projects,R1302,C211,Gross carrying amount (Note-2),Mart,part-1,Part-1B,DISBURSEMENT_PERIOD_MART,"populate sum(HL_bifur_of_disb_amt) where,
1- Product_NHB <> 'Other Loan'
2- CRE_RH_Tagging is not null","SELECT sum(HL_bifur_of_disb_amt) 
FROM DISHA_MART_ANALYTICS.REGULATORY_MART.DISBURSEMENT_PERIOD_MART
WHERE Product_NHB <> 'OTHER LOAN'
AND CRE_RH_Tagging is not null
AND Report_Date IN ({{report_dates}})",monthly
285,Schedule V,Loan Disbursements,"(a) Out of the 1.2(i) above, Loans for Slum Rehabilitation Authority (SRA)",R1303,C211,Gross carrying amount (Note-2),NA,part-1,Part-1B,,,,monthly
287,Schedule V,Loan Disbursements,2-Non-Housing Loans,R1305,C211,Gross carrying amount (Note-2),derived ,part-1,Part-1B,,,,monthly
288,Schedule V,Loan Disbursements,2.1-Individuals,R1306,C211,Gross carrying amount (Note-2),derived ,part-1,Part-1B,,,,monthly
289,Schedule V,Loan Disbursements,(i) for mortgage/property/home equity loans/LAP,R1307,C211,Gross carrying amount (Note-2),NA,part-1,Part-1B,,,,monthly
290,Schedule V,Loan Disbursements,(ii) Lease Rental Discounting,R1308,C211,Gross carrying amount (Note-2),NA,part-1,Part-1B,,,,monthly
291,Schedule V,Loan Disbursements,(iii) Others,R1309,C211,Gross carrying amount (Note-2),NA,part-1,Part-1B,,,,monthly
292,Schedule V,Loan Disbursements,(a) Of (iii) above loan against the security of shares/ debentures / bonds,R1310,C211,Gross carrying amount (Note-2),NA,part-1,Part-1B,,,,monthly
293,Schedule V,Loan Disbursements,(b) Of (iii) above loans against security of gold jewellery,R1311,C211,Gross carrying amount (Note-2),NA,part-1,Part-1B,,,,monthly
294,Schedule V,Loan Disbursements,2.2-Builders and Corporates,R1312,C211,Gross carrying amount (Note-2),derived ,part-1,Part-1B,,,,monthly
295,Schedule V,Loan Disbursements,(i) Non-residential projects,R1313,C211,Gross carrying amount (Note-2),NA,part-1,Part-1B,,,,monthly
296,Schedule V,Loan Disbursements,(ii) Lease Rental Discounting,R1314,C211,Gross carrying amount (Note-2),NA,part-1,Part-1B,,,,monthly
297,Schedule V,Loan Disbursements,(iii) Others,R1315,C211,Gross carrying amount (Note-2),Mart,part-1,Part-1B,DISBURSEMENT_PERIOD_MART,"populate sum(NHL_bifur_of_disb_amt)  where,
1- Product_NHB = 'Other Loan'
2- Customer_type = 'CORPORATE'","SELECT sum(NHL_BIFUR_OF_DISB_AMT) 
FROM DISHA_MART_ANALYTICS.REGULATORY_MART.DISBURSEMENT_PERIOD_MART
WHERE Product_NHB = 'OTHER LOAN'
AND Customer_type = 'CORPORATE'
AND Report_Date IN ({{report_dates}})",monthly
298,Schedule V,Loan Disbursements,(a) Of (iii) above loan against the security of shares/ debentures / bonds,R1316,C211,Gross carrying amount (Note-2),NA,part-1,Part-1B,,,,monthly
301,Schedule V,Loan Outstandings,1- Housing Loans,R1319,C212,No. of accounts,derived ,part-1,Part-1C,,,,monthly
302,Schedule V,Loan Outstandings,1.1-Individuals,R1320,C212,No. of accounts,derived ,part-1,Part-1C,,,,monthly
303,Schedule V,Loan Outstandings,(i) for construction/purchase of new units,R1321,C212,No. of accounts,Mart,part-1,Part-1C,Outstanding_mart,"populate count(Loan_no_new) where,
1- Customer_type = 'INDIVIDUAL'
2- CRE_RH_Tagging is null
3- nhb_Product = ('Purchase', 'Construction')","SELECT count(LOAN_NUMBER_NEW) 
FROM  DISHA_MART_ANALYTICS.REGULATORY_MART.OUTSTANDING_MART
WHERE Customer_type = 'INDIVIDUAL'
AND CRE_RH_Tagging is null
AND Product IN ('Purchase', 'Construction')
AND Report_Date IN ({{report_dates}})",monthly
304,Schedule V,Loan Outstandings,"(a) Out of the 1.1(i) above, loans granted for purchase of dwelling units from builders (under construction + completed)",R1322,C212,No. of accounts,Mart,part-1,Part-1C,Outstanding_mart,"populate count(Loan_no_new) where,
Transaction_structure = ('Builder Purchase', 'General APF')","SELECT count(LOAN_NUMBER_NEW) 
FROM  DISHA_MART_ANALYTICS.REGULATORY_MART.OUTSTANDING_MART
WHERE Transaction_structure IN ('BUILDER_PURCHASE', 'GENERAL_APF')
AND Report_Date IN ({{report_dates}})",monthly
305,Schedule V,Loan Outstandings,"(b) Out of the 1.1(i) above, loans granted for Plot + Construction",R1323,C212,No. of accounts,Mart,part-1,Part-1C,Outstanding_mart,"populate count(Loan_no_new) where,
1- Customer_type = 'INDIVIDUAL'
2- system_product = 'Purchase and Construction'","SELECT count(LOAN_NUMBER_NEW) 
FROM  DISHA_MART_ANALYTICS.REGULATORY_MART.OUTSTANDING_MART
WHERE Customer_type = 'INDIVIDUAL'
AND PRODUCT = 'Purchase and Construction'
AND Report_Date IN ({{report_dates}})",monthly
306,Schedule V,Loan Outstandings,(ii) for purchasing old units (Resale),R1324,C212,No. of accounts,Mart,part-1,Part-1C,Outstanding_mart,"populate count(Loan_no_new) where,
1- Customer_type = 'INDIVIDUAL'
2- nhb_Product = 'Resale Property Purchase'","SELECT count(LOAN_NUMBER_NEW) 
FROM  DISHA_MART_ANALYTICS.REGULATORY_MART.OUTSTANDING_MART
WHERE Customer_type = 'INDIVIDUAL'
AND PRODUCT = 'Resale Property Purchase'
AND Report_Date IN ({{report_dates}})",monthly
307,Schedule V,Loan Outstandings,(iii) for repair & renovation of existing units,R1325,C212,No. of accounts,Mart,part-1,Part-1C,Outstanding_mart,"populate count(Loan_no_new) where,
1- Customer_type = 'INDIVIDUAL'
2- nhb_Product = 'Repair and Renovation Loan'","SELECT count(LOAN_NUMBER_NEW) 
FROM  DISHA_MART_ANALYTICS.REGULATORY_MART.OUTSTANDING_MART
WHERE Customer_type = 'INDIVIDUAL'
AND PRODUCT = 'Repair and Renovation Loan'
AND Report_Date IN ({{report_dates}})",monthly
308,Schedule V,Loan Outstandings,1.2-Builders and Corporates,R1326,C212,No. of accounts,derived ,part-1,Part-1C,,,,monthly
309,Schedule V,Loan Outstandings,(i) Residential Projects,R1327,C212,No. of accounts,Mart,part-1,Part-1C,Outstanding_mart,"populate count(Loan_no_new) where,
1- nhb_Product <> 'Other Loan'
2- CRE_RH_Tagging is not null","SELECT count(LOAN_NUMBER_NEW) 
FROM  DISHA_MART_ANALYTICS.REGULATORY_MART.OUTSTANDING_MART
WHERE Product <> 'OTHER LOAN'
AND CRE_RH_Tagging is not null
AND Report_Date IN ({{report_dates}})",monthly
310,Schedule V,Loan Outstandings,"(a) Out of the 1.2(i) above, Loans for Slum Rehabilitation Authority (SRA)",R1328,C212,No. of accounts,NA,part-1,Part-1C,,,,monthly
312,Schedule V,Loan Outstandings,2-Non-Housing Loans,R1330,C212,No. of accounts,derived ,part-1,Part-1C,,,,monthly
313,Schedule V,Loan Outstandings,2.1-Individuals,R1331,C212,No. of accounts,derived ,part-1,Part-1C,,,,monthly
314,Schedule V,Loan Outstandings,(i) for mortgage/property/home equity loans/LAP,R1332,C212,No. of accounts,NA,part-1,Part-1C,,,,monthly
315,Schedule V,Loan Outstandings,(ii) Lease Rental Discounting,R1333,C212,No. of accounts,NA,part-1,Part-1C,,,,monthly
316,Schedule V,Loan Outstandings,(iii) Others,R1334,C212,No. of accounts,NA,part-1,Part-1C,,,,monthly
317,Schedule V,Loan Outstandings,(a) Of (iii) above loan against the security of shares/ debentures / bonds,R1335,C212,No. of accounts,NA,part-1,Part-1C,,,,monthly
318,Schedule V,Loan Outstandings,(b) Of (iii) above loans against security of gold jewellery,R1336,C212,No. of accounts,NA,part-1,Part-1C,,,,monthly
319,Schedule V,Loan Outstandings,2.2-Builders and Corporates,R1337,C212,No. of accounts,derived ,part-1,Part-1C,,,,monthly
320,Schedule V,Loan Outstandings,(i) Non-residential projects,R1338,C212,No. of accounts,NA,part-1,Part-1C,,,,monthly
321,Schedule V,Loan Outstandings,(ii) Lease Rental Discounting,R1339,C212,No. of accounts,NA,part-1,Part-1C,,,,monthly
322,Schedule V,Loan Outstandings,(iii) Others,R1340,C212,No. of accounts,Mart,part-1,Part-1C,Outstanding_mart,"populate count(Loan_no_new) where,
1- nhb_Product = 'Other Loan'
2- Customer_type = 'CORPORATE'","SELECT count(LOAN_NUMBER_NEW) 
FROM  DISHA_MART_ANALYTICS.REGULATORY_MART.OUTSTANDING_MART
WHERE Product = 'OTHER LOAN'
AND Customer_type = 'CORPORATE'
AND Report_Date IN ({{report_dates}})",monthly
323,Schedule V,Loan Outstandings,(a) Of (iii) above loan against the security of shares/ debentures / bonds,R1341,C212,No. of accounts,NA,part-1,Part-1C,,,,monthly
325,Schedule V,Loan Outstandings,3-Total,R1343,C212,No. of accounts,derived ,part-1,Part-1C,,,,monthly
326,Schedule V,Loan Outstandings,1- Housing Loans,R1319,C213,Gross carrying amount (Note-2),derived ,part-1,Part-1C,,,,monthly
327,Schedule V,Loan Outstandings,1.1-Individuals,R1320,C213,Gross carrying amount (Note-2),derived ,part-1,Part-1C,,,,monthly
328,Schedule V,Loan Outstandings,(i) for construction/purchase of new units,R1321,C213,Gross carrying amount (Note-2),Mart,part-1,Part-1C,Outstanding_mart,"populate sum(HL_bifurcation_of__EAD) where,
1- Customer_type = 'INDIVIDUAL'
2- CRE_RH_Tagging is null
3- nhb_Product = ('Purchase', 'Construction')","SELECT sum(HL_bifurcation_of__EAD) 
FROM  DISHA_MART_ANALYTICS.REGULATORY_MART.OUTSTANDING_MART
WHERE Customer_type = 'INDIVIDUAL'
AND CRE_RH_Tagging is null
AND Product IN ('Purchase', 'Construction')
AND Report_Date IN ({{report_dates}})",monthly
329,Schedule V,Loan Outstandings,"(a) Out of the 1.1(i) above, loans granted for purchase of dwelling units from builders (under construction + completed)",R1322,C213,Gross carrying amount (Note-2),Mart,part-1,Part-1C,Outstanding_mart,"populate sum(HL_POS) where,
Transaction_structure = ('Builder Purchase', 'General APF')","SELECT sum(HL_POS)
FROM  DISHA_MART_ANALYTICS.REGULATORY_MART.OUTSTANDING_MART
WHERE Transaction_structure IN ('BUILDER_PURCHASE', 'GENERAL_APF')
AND Report_Date IN ({{report_dates}})",monthly
330,Schedule V,Loan Outstandings,"(b) Out of the 1.1(i) above, loans granted for Plot + Construction",R1323,C213,Gross carrying amount (Note-2),Mart,part-1,Part-1C,Outstanding_mart,"populate sum(HL_POS) where,
1- Customer_type = 'INDIVIDUAL'
2- system_product = 'Purchase and Construction'","SELECT sum(HL_POS)
FROM  DISHA_MART_ANALYTICS.REGULATORY_MART.OUTSTANDING_MART
WHERE Customer_type = 'INDIVIDUAL'
AND product = 'Purchase and Construction'
AND Report_Date IN ({{report_dates}})",monthly
331,Schedule V,Loan Outstandings,(ii) for purchasing old units (Resale),R1324,C213,Gross carrying amount (Note-2),Mart,part-1,Part-1C,Outstanding_mart,"populate sum(HL_bifurcation_of__EAD)  where,
1- Customer_type = 'INDIVIDUAL'
2- nhb_Product = 'Resale Property Purchase'","SELECT  sum(HL_bifurcation_of__EAD)  
FROM  DISHA_MART_ANALYTICS.REGULATORY_MART.OUTSTANDING_MART
WHERE Customer_type = 'INDIVIDUAL'
AND Product = 'Resale Property Purchase'
AND Report_Date IN ({{report_dates}})",monthly
332,Schedule V,Loan Outstandings,(iii) for repair & renovation of existing units,R1325,C213,Gross carrying amount (Note-2),Mart,part-1,Part-1C,Outstanding_mart,"populate sum(HL_bifurcation_of__EAD)  where,
1- Customer_type = 'INDIVIDUAL'
2- nhb_Product = 'Repair and Renovation Loan'","SELECT  sum(HL_bifurcation_of__EAD)  
FROM  DISHA_MART_ANALYTICS.REGULATORY_MART.OUTSTANDING_MART
WHERE Customer_type = 'INDIVIDUAL'
AND Product = 'Repair and Renovation Loan'
AND Report_Date IN ({{report_dates}})",monthly
333,Schedule V,Loan Outstandings,1.2-Builders and Corporates,R1326,C213,Gross carrying amount (Note-2),derived ,part-1,Part-1C,,,,monthly
334,Schedule V,Loan Outstandings,(i) Residential Projects,R1327,C213,Gross carrying amount (Note-2),Mart,part-1,Part-1C,Outstanding_mart,"populate sum(HL_bifurcation_of__EAD) where,
1- nhb_Product <> 'Other Loan'
2- CRE_RH_Tagging is not null","SELECT  sum(HL_bifurcation_of__EAD)  
FROM  DISHA_MART_ANALYTICS.REGULATORY_MART.OUTSTANDING_MART
WHERE Product <> 'OTHER LOAN'
AND CRE_RH_Tagging is not null
AND Report_Date IN ({{report_dates}})",monthly
335,Schedule V,Loan Outstandings,"(a) Out of the 1.2(i) above, Loans for Slum Rehabilitation Authority (SRA)",R1328,C213,Gross carrying amount (Note-2),NA,part-1,Part-1C,,,,monthly
337,Schedule V,Loan Outstandings,2-Non-Housing Loans,R1330,C213,Gross carrying amount (Note-2),derived ,part-1,Part-1C,,,,monthly
338,Schedule V,Loan Outstandings,2.1-Individuals,R1331,C213,Gross carrying amount (Note-2),derived ,part-1,Part-1C,,,,monthly
339,Schedule V,Loan Outstandings,(i) for mortgage/property/home equity loans/LAP,R1332,C213,Gross carrying amount (Note-2),NA,part-1,Part-1C,,,,monthly
340,Schedule V,Loan Outstandings,(ii) Lease Rental Discounting,R1333,C213,Gross carrying amount (Note-2),NA,part-1,Part-1C,,,,monthly
341,Schedule V,Loan Outstandings,(iii) Others,R1334,C213,Gross carrying amount (Note-2),NA,part-1,Part-1C,,,,monthly
342,Schedule V,Loan Outstandings,(a) Of (iii) above loan against the security of shares/ debentures / bonds,R1335,C213,Gross carrying amount (Note-2),NA,part-1,Part-1C,,,,monthly
343,Schedule V,Loan Outstandings,(b) Of (iii) above loans against security of gold jewellery,R1336,C213,Gross carrying amount (Note-2),NA,part-1,Part-1C,,,,monthly
344,Schedule V,Loan Outstandings,2.2-Builders and Corporates,R1337,C213,Gross carrying amount (Note-2),derived ,part-1,Part-1C,,,,monthly
345,Schedule V,Loan Outstandings,(i) Non-residential projects,R1338,C213,Gross carrying amount (Note-2),NA,part-1,Part-1C,,,,monthly
346,Schedule V,Loan Outstandings,(ii) Lease Rental Discounting,R1339,C213,Gross carrying amount (Note-2),NA,part-1,Part-1C,,,,monthly
347,Schedule V,Loan Outstandings,(iii) Others,R1340,C213,Gross carrying amount (Note-2),Mart,part-1,Part-1C,Outstanding_mart,"populate sum(NHL_bifurcation_of__EAD)  where,
1- nhb_Product = 'Other Loan'
2- Customer_type = 'CORPORATE'","SELECT  sum(NHL_bifurcation_of__EAD)  
FROM  DISHA_MART_ANALYTICS.REGULATORY_MART.OUTSTANDING_MART
WHERE Product = 'OTHER LOAN'
AND Customer_type = 'CORPORATE'
AND Report_Date IN ({{report_dates}})",monthly
348,Schedule V,Loan Outstandings,(a) Of (iii) above loan against the security of shares/ debentures / bonds,R1341,C213,Gross carrying amount (Note-2),NA,part-1,Part-1C,,,,monthly
351,Schedule V,Loan Outstandings,1- Housing Loans,R1319,C214,No. of accounts,derived ,part-1,Part-1C,,,,monthly
352,Schedule V,Loan Outstandings,1.1-Individuals,R1320,C214,No. of accounts,derived ,part-1,Part-1C,,,,monthly
353,Schedule V,Loan Outstandings,(i) for construction/purchase of new units,R1321,C214,No. of accounts,Mart,part-1,Part-1C,Outstanding_mart,"populate count(Loan_no_new) where,
1- Customer_type = 'INDIVIDUAL'
2- CRE_RH_Tagging = 'No
3- nhb_Product = ('Purchase', 'Construction')","SELECT count(LOAN_NUMBER_NEW)  
FROM  DISHA_MART_ANALYTICS.REGULATORY_MART.OUTSTANDING_MART
WHERE Customer_type = 'INDIVIDUAL'
AND CRE_RH_Tagging = 'No'
AND Product IN ('Purchase', 'Construction')
AND Report_Date IN ({{report_dates}})",monthly
354,Schedule V,Loan Outstandings,"(a) Out of the 1.1(i) above, loans granted for purchase of dwelling units from builders (under construction + completed)",R1322,C214,No. of accounts,derived ,part-1,Part-1C,,,,monthly
355,Schedule V,Loan Outstandings,"(b) Out of the 1.1(i) above, loans granted for Plot + Construction",R1323,C214,No. of accounts,Mart,part-1,Part-1C,Outstanding_mart,"populate count(Loan_no_new) where,
1- Customer_type = 'INDIVIDUAL'
2- system_product = 'Purchase and Construction'","SELECT count(LOAN_NUMBER_NEW)  
FROM  DISHA_MART_ANALYTICS.REGULATORY_MART.OUTSTANDING_MART
WHERE Customer_type = 'INDIVIDUAL'
AND product = 'Purchase and Construction'
AND Report_Date IN ({{report_dates}})",monthly
356,Schedule V,Loan Outstandings,(ii) for purchasing old units (Resale),R1324,C214,No. of accounts,Mart,part-1,Part-1C,Outstanding_mart,"populate count(Loan_no_new) where,
1- Customer_type = 'INDIVIDUAL'
2- nhb_Product = 'Resale Property Purchase'","SELECT count(LOAN_NUMBER_NEW)  
FROM  DISHA_MART_ANALYTICS.REGULATORY_MART.OUTSTANDING_MART
WHERE Customer_type = 'INDIVIDUAL'
AND Product = 'Resale Property Purchase'
AND Report_Date IN ({{report_dates}})",monthly
357,Schedule V,Loan Outstandings,(iii) for repair & renovation of existing units,R1325,C214,No. of accounts,Mart,part-1,Part-1C,Outstanding_mart,"populate count(Loan_no_new) where,
1- Customer_type = 'INDIVIDUAL'
2- nhb_Product = 'Repair and Renovation Loan'","SELECT count(LOAN_NUMBER_NEW)  
FROM  DISHA_MART_ANALYTICS.REGULATORY_MART.OUTSTANDING_MART
WHERE Customer_type = 'INDIVIDUAL'
AND Product = 'Repair and Renovation Loan'
AND Report_Date IN ({{report_dates}})",monthly
358,Schedule V,Loan Outstandings,1.2-Builders and Corporates,R1326,C214,No. of accounts,derived ,part-1,Part-1C,,,,monthly
359,Schedule V,Loan Outstandings,(i) Residential Projects,R1327,C214,No. of accounts,Mart,part-1,Part-1C,Outstanding_mart,"populate count(Loan_no_new) where,
1- nhb_Product <> 'Other Loan'
2- CRE_RH_Tagging is null","SELECT count(LOAN_NUMBER_NEW)  
FROM  DISHA_MART_ANALYTICS.REGULATORY_MART.OUTSTANDING_MART
WHERE Product <> 'OTHER LOAN'
AND CRE_RH_Tagging is null
AND Report_Date IN ({{report_dates}})",monthly
360,Schedule V,Loan Outstandings,"(a) Out of the 1.2(i) above, Loans for Slum Rehabilitation Authority (SRA)",R1328,C214,No. of accounts,NA,part-1,Part-1C,,,,monthly
362,Schedule V,Loan Outstandings,2-Non-Housing Loans,R1330,C214,No. of accounts,derived ,part-1,Part-1C,,,,monthly
363,Schedule V,Loan Outstandings,2.1-Individuals,R1331,C214,No. of accounts,derived ,part-1,Part-1C,,,,monthly
364,Schedule V,Loan Outstandings,(i) for mortgage/property/home equity loans/LAP,R1332,C214,No. of accounts,NA,part-1,Part-1C,,,,monthly
365,Schedule V,Loan Outstandings,(ii) Lease Rental Discounting,R1333,C214,No. of accounts,NA,part-1,Part-1C,,,,monthly
366,Schedule V,Loan Outstandings,(iii) Others,R1334,C214,No. of accounts,NA,part-1,Part-1C,,,,monthly
367,Schedule V,Loan Outstandings,(a) Of (iii) above loan against the security of shares/ debentures / bonds,R1335,C214,No. of accounts,NA,part-1,Part-1C,,,,monthly
368,Schedule V,Loan Outstandings,(b) Of (iii) above loans against security of gold jewellery,R1336,C214,No. of accounts,NA,part-1,Part-1C,,,,monthly
369,Schedule V,Loan Outstandings,2.2-Builders and Corporates,R1337,C214,No. of accounts,derived ,part-1,Part-1C,,,,monthly
370,Schedule V,Loan Outstandings,(i) Non-residential projects,R1338,C214,No. of accounts,NA,part-1,Part-1C,,,,monthly
371,Schedule V,Loan Outstandings,(ii) Lease Rental Discounting,R1339,C214,No. of accounts,NA,part-1,Part-1C,,,,monthly
372,Schedule V,Loan Outstandings,(iii) Others,R1340,C214,No. of accounts,Mart,part-1,Part-1C,Outstanding_mart,"populate count(Loan_no_new) where,
1- nhb_Product = 'Other Loan'
2- Customer_type = 'CORPORATE'","SELECT count(LOAN_NUMBER_NEW)  
FROM  DISHA_MART_ANALYTICS.REGULATORY_MART.OUTSTANDING_MART
WHERE Product = 'OTHER LOAN'
AND  Customer_type = 'CORPORATE'
AND Report_Date IN ({{report_dates}})",monthly
373,Schedule V,Loan Outstandings,(a) Of (iii) above loan against the security of shares/ debentures / bonds,R1341,C214,No. of accounts,NA,part-1,Part-1C,,,,monthly
375,Schedule V,Loan Outstandings,3-Total,R1343,C214,No. of accounts,derived ,part-1,Part-1C,,,,monthly
376,Schedule V,Loan Outstandings,1- Housing Loans,R1319,C215,Gross carrying amount (Note-2),derived ,part-1,Part-1C,,,,monthly
377,Schedule V,Loan Outstandings,1.1-Individuals,R1320,C215,Gross carrying amount (Note-2),derived ,part-1,Part-1C,,,,monthly
379,Schedule V,Loan Outstandings,"(a) Out of the 1.1(i) above, loans granted for purchase of dwelling units from builders (under construction + completed)",R1322,C215,Gross carrying amount (Note-2),Mart,part-1,Part-1C,Outstanding_mart,"populate sum(HL_POS) where,
Transaction_structure = ('Builder Purchase', 'General APF')","SELECT  sum(HL_POS) 
FROM  DISHA_MART_ANALYTICS.REGULATORY_MART.OUTSTANDING_MART
WHERE Transaction_structure IN ('BUILDER_PURCHASE', 'GENERAL_APF')
AND Report_Date IN ({{report_dates}})
",monthly
380,Schedule V,Loan Outstandings,"(b) Out of the 1.1(i) above, loans granted for Plot + Construction",R1323,C215,Gross carrying amount (Note-2),Mart,part-1,Part-1C,Outstanding_mart,"populate count(HL_POS) where,
1- Customer_type = 'INDIVIDUAL'
2- system_product = 'Purchase and Construction'","SELECT count(HL_POS) 
FROM  DISHA_MART_ANALYTICS.REGULATORY_MART.OUTSTANDING_MART
WHERE Customer_type = 'INDIVIDUAL'
AND product = 'Purchase and Construction'
AND Report_Date IN ({{report_dates}})",monthly
383,Schedule V,Loan Outstandings,1.2-Builders and Corporates,R1326,C215,Gross carrying amount (Note-2),derived ,part-1,Part-1C,,,,monthly
385,Schedule V,Loan Outstandings,"(a) Out of the 1.2(i) above, Loans for Slum Rehabilitation Authority (SRA)",R1328,C215,Gross carrying amount (Note-2),NA,part-1,Part-1C,,,,monthly
387,Schedule V,Loan Outstandings,2-Non-Housing Loans,R1330,C215,Gross carrying amount (Note-2),derived ,part-1,Part-1C,,,,monthly
388,Schedule V,Loan Outstandings,2.1-Individuals,R1331,C215,Gross carrying amount (Note-2),derived ,part-1,Part-1C,,,,monthly
389,Schedule V,Loan Outstandings,(i) for mortgage/property/home equity loans/LAP,R1332,C215,Gross carrying amount (Note-2),NA,part-1,Part-1C,,,,monthly
390,Schedule V,Loan Outstandings,(ii) Lease Rental Discounting,R1333,C215,Gross carrying amount (Note-2),NA,part-1,Part-1C,,,,monthly
391,Schedule V,Loan Outstandings,(iii) Others,R1334,C215,Gross carrying amount (Note-2),NA,part-1,Part-1C,,,,monthly
392,Schedule V,Loan Outstandings,(a) Of (iii) above loan against the security of shares/ debentures / bonds,R1335,C215,Gross carrying amount (Note-2),NA,part-1,Part-1C,,,,monthly
393,Schedule V,Loan Outstandings,(b) Of (iii) above loans against security of gold jewellery,R1336,C215,Gross carrying amount (Note-2),NA,part-1,Part-1C,,,,monthly
394,Schedule V,Loan Outstandings,2.2-Builders and Corporates,R1337,C215,Gross carrying amount (Note-2),derived ,part-1,Part-1C,,,,monthly
395,Schedule V,Loan Outstandings,(i) Non-residential projects,R1338,C215,Gross carrying amount (Note-2),NA,part-1,Part-1C,,,,monthly
396,Schedule V,Loan Outstandings,(ii) Lease Rental Discounting,R1339,C215,Gross carrying amount (Note-2),NA,part-1,Part-1C,,,,monthly
398,Schedule V,Loan Outstandings,(a) Of (iii) above loan against the security of shares/ debentures / bonds,R1341,C215,Gross carrying amount (Note-2),NA,part-1,Part-1C,,,,monthly
401,Schedule V,Loan Outstandings,1- Housing Loans,R1319,C216,No. of accounts,derived ,part-1,Part-1C,,,,monthly
402,Schedule V,Loan Outstandings,1.1-Individuals,R1320,C216,No. of accounts,derived ,part-1,Part-1C,,,,monthly
403,Schedule V,Loan Outstandings,(i) for construction/purchase of new units,R1321,C216,No. of accounts,Mart,part-1,Part-1C,Outstanding_mart,"populate count(Loan_no_new) where,
1- Customer_type = 'INDIVIDUAL'
2- CRE_RH_Tagging is null
3- nhb_Product = ('Purchase', 'Construction')","SELECT count(Loan_number_new)
FROM  DISHA_MART_ANALYTICS.REGULATORY_MART.OUTSTANDING_MART
WHERE Customer_type = 'INDIVIDUAL'
AND CRE_RH_Tagging is null
AND Product IN ('Purchase', 'Construction')
AND Report_Date IN ({{report_dates}})",monthly
404,Schedule V,Loan Outstandings,"(a) Out of the 1.1(i) above, loans granted for purchase of dwelling units from builders (under construction + completed)",R1322,C216,No. of accounts,Mart,part-1,Part-1C,Outstanding_mart,"populate count(Loan_no_new) where,
Transaction_structure = ('Builder Purchase', 'General APF')","SELECT count(Loan_number_new)
FROM  DISHA_MART_ANALYTICS.REGULATORY_MART.OUTSTANDING_MART
WHERE Transaction_structure IN ('BUILDER_PURCHASE', 'GENERAL_APF')
AND Report_Date IN ({{report_dates}})",monthly
405,Schedule V,Loan Outstandings,"(b) Out of the 1.1(i) above, loans granted for Plot + Construction",R1323,C216,No. of accounts,Mart,part-1,Part-1C,Outstanding_mart,"populate count(Loan_no_new) where,
1- Customer_type = 'INDIVIDUAL'
2- system_product = 'Purchase and Construction'","SELECT count(Loan_number_new)
FROM  DISHA_MART_ANALYTICS.REGULATORY_MART.OUTSTANDING_MART
WHERE Customer_type = 'INDIVIDUAL'
AND product = 'Purchase and Construction'
AND Report_Date IN ({{report_dates}})",monthly
406,Schedule V,Loan Outstandings,(ii) for purchasing old units (Resale),R1324,C216,No. of accounts,Mart,part-1,Part-1C,Outstanding_mart,"populate count(Loan_no_new) where,
1- Customer_type = 'INDIVIDUAL'
2- nhb_Product = 'Resale Property Purchase'","SELECT count(Loan_number_new)
FROM  DISHA_MART_ANALYTICS.REGULATORY_MART.OUTSTANDING_MART
WHERE Customer_type = 'INDIVIDUAL'
AND product = 'Resale Property Purchase'
AND Report_Date IN ({{report_dates}})",monthly
407,Schedule V,Loan Outstandings,(iii) for repair & renovation of existing units,R1325,C216,No. of accounts,Mart,part-1,Part-1C,Outstanding_mart,"populate count(Loan_no_new) where,
1- Customer_type = 'INDIVIDUAL'
2- nhb_Product = 'Repair and Renovation Loan'","SELECT count(LOAN_NUMBER_NEW)  
FROM  DISHA_MART_ANALYTICS.REGULATORY_MART.OUTSTANDING_MART
WHERE Customer_type = 'INDIVIDUAL'
AND Product = 'Repair and Renovation Loan'
AND Report_Date IN ({{report_dates}})",monthly
408,Schedule V,Loan Outstandings,1.2-Builders and Corporates,R1326,C216,No. of accounts,derived ,part-1,Part-1C,,,,monthly
409,Schedule V,Loan Outstandings,(i) Residential Projects,R1327,C216,No. of accounts,Mart,part-1,Part-1C,Outstanding_mart,"populate count(Loan_no_new) where,
1- nhb_Product <> 'Other Loan'
2- CRE_RH_Tagging is not null","SELECT count(LOAN_NUMBER_NEW)  
FROM  DISHA_MART_ANALYTICS.REGULATORY_MART.OUTSTANDING_MART
WHERE Product <> 'OTHER LOAN'
AND CRE_RH_Tagging is null
AND Report_Date IN ({{report_dates}})",monthly
410,Schedule V,Loan Outstandings,"(a) Out of the 1.2(i) above, Loans for Slum Rehabilitation Authority (SRA)",R1328,C216,No. of accounts,NA,part-1,Part-1C,,,,monthly
412,Schedule V,Loan Outstandings,2-Non-Housing Loans,R1330,C216,No. of accounts,derived ,part-1,Part-1C,,,,monthly
413,Schedule V,Loan Outstandings,2.1-Individuals,R1331,C216,No. of accounts,derived ,part-1,Part-1C,,,,monthly
414,Schedule V,Loan Outstandings,(i) for mortgage/property/home equity loans/LAP,R1332,C216,No. of accounts,NA,part-1,Part-1C,,,,monthly
415,Schedule V,Loan Outstandings,(ii) Lease Rental Discounting,R1333,C216,No. of accounts,NA,part-1,Part-1C,,,,monthly
416,Schedule V,Loan Outstandings,(iii) Others,R1334,C216,No. of accounts,NA,part-1,Part-1C,,,,monthly
417,Schedule V,Loan Outstandings,(a) Of (iii) above loan against the security of shares/ debentures / bonds,R1335,C216,No. of accounts,NA,part-1,Part-1C,,,,monthly
418,Schedule V,Loan Outstandings,(b) Of (iii) above loans against security of gold jewellery,R1336,C216,No. of accounts,NA,part-1,Part-1C,,,,monthly
419,Schedule V,Loan Outstandings,2.2-Builders and Corporates,R1337,C216,No. of accounts,derived ,part-1,Part-1C,,,,monthly
420,Schedule V,Loan Outstandings,(i) Non-residential projects,R1338,C216,No. of accounts,NA,part-1,Part-1C,,,,monthly
421,Schedule V,Loan Outstandings,(ii) Lease Rental Discounting,R1339,C216,No. of accounts,NA,part-1,Part-1C,,,,monthly
422,Schedule V,Loan Outstandings,(iii) Others,R1340,C216,No. of accounts,Mart,part-1,Part-1C,Outstanding_mart,"populate count(Loan_no_new) where,
1- nhb_Product = 'Other Loan'
2- Customer_type = 'CORPORATE'","SELECT count(LOAN_NUMBER_NEW) 
FROM  DISHA_MART_ANALYTICS.REGULATORY_MART.OUTSTANDING_MART
WHERE Product = 'OTHER LOAN'
AND Customer_type = 'CORPORATE'
AND Report_Date IN ({{report_dates}})",monthly
423,Schedule V,Loan Outstandings,(a) Of (iii) above loan against the security of shares/ debentures / bonds,R1341,C216,No. of accounts,NA,part-1,Part-1C,,,,monthly
425,Schedule V,Loan Outstandings,3-Total,R1343,C216,No. of accounts,derived ,part-1,Part-1C,,,,monthly
426,Schedule V,Loan Outstandings,1- Housing Loans,R1319,C216,Gross carrying amount (Note-2),derived ,part-1,Part-1C,,,,monthly
427,Schedule V,Loan Outstandings,1.1-Individuals,R1320,C217,Gross carrying amount (Note-2),derived ,part-1,Part-1C,,,,monthly
428,Schedule V,Loan Outstandings,(i) for construction/purchase of new units,R1321,C217,Gross carrying amount (Note-2),Mart,part-1,Part-1C,Outstanding_mart,"populate sum(HL_bifurcation_of__EAD) where,
1- Customer_type = 'INDIVIDUAL'
2- nhb_Product = ('Purchase', 'Construction')","SELECT sum(HL_bifurcation_of__EAD) 
FROM  DISHA_MART_ANALYTICS.REGULATORY_MART.OUTSTANDING_MART
WHERE Customer_type = 'INDIVIDUAL'
AND Product IN ('Purchase', 'Construction')
AND Report_Date IN ({{report_dates}})",monthly
429,Schedule V,Loan Outstandings,"(a) Out of the 1.1(i) above, loans granted for purchase of dwelling units from builders (under construction + completed)",R1322,C217,Gross carrying amount (Note-2),Mart,part-1,Part-1C,Outstanding_mart,"populate sum(HL_POS) where,
Transaction_structure = ('Builder Purchase', 'General APF')","SELECT  sum(HL_POS) 
FROM  DISHA_MART_ANALYTICS.REGULATORY_MART.OUTSTANDING_MART
WHERE Transaction_structure IN ('BUILDER_PURCHASE', 'GENERAL_APF')
AND Report_Date IN ({{report_dates}})
",monthly
430,Schedule V,Loan Outstandings,"(b) Out of the 1.1(i) above, loans granted for Plot + Construction",R1323,C217,Gross carrying amount (Note-2),Mart,part-1,Part-1C,Outstanding_mart,"populate sum(HL_POS) where,
1- Customer_type = 'INDIVIDUAL'
2- system_product = 'Purchase and Construction'","SELECT count(HL_POS) 
FROM  DISHA_MART_ANALYTICS.REGULATORY_MART.OUTSTANDING_MART
WHERE Customer_type = 'INDIVIDUAL'
AND product = 'Purchase and Construction'
AND Report_Date IN ({{report_dates}})",monthly
431,Schedule V,Loan Outstandings,(ii) for purchasing old units (Resale),R1324,C217,Gross carrying amount (Note-2),Mart,part-1,Part-1C,Outstanding_mart,"populate sum(HL_bifurcation_of__EAD)   where,
1- Customer_type = 'INDIVIDUAL'
2- nhb_Product = 'Resale Property Purchase'","SELECT  sum(HL_bifurcation_of__EAD)  
FROM  DISHA_MART_ANALYTICS.REGULATORY_MART.OUTSTANDING_MART
WHERE Customer_type = 'INDIVIDUAL'
AND Product = 'Resale Property Purchase'
AND Report_Date IN ({{report_dates}})",monthly
432,Schedule V,Loan Outstandings,(iii) for repair & renovation of existing units,R1325,C217,Gross carrying amount (Note-2),Mart,part-1,Part-1C,Outstanding_mart,"populate sum(HL_bifurcation_of__EAD)   where,
1- Customer_type = 'INDIVIDUAL'
2- nhb_Product = 'Repair and Renovation Loan'","SELECT  sum(HL_bifurcation_of__EAD)  
FROM  DISHA_MART_ANALYTICS.REGULATORY_MART.OUTSTANDING_MART
WHERE Customer_type = 'INDIVIDUAL'
AND Product = 'Repair and Renovation Loan'
AND Report_Date IN ({{report_dates}})",monthly
433,Schedule V,Loan Outstandings,1.2-Builders and Corporates,R1326,C217,Gross carrying amount (Note-2),derived ,part-1,Part-1C,,,,monthly
434,Schedule V,Loan Outstandings,(i) Residential Projects,R1327,C217,Gross carrying amount (Note-2),Mart,part-1,Part-1C,Outstanding_mart,"populate sum(HL_bifurcation_of__EAD)  where,
1- nhb_Product <> 'Other Loan'
2- CRE_RH_Tagging is not null","SELECT  sum(HL_bifurcation_of__EAD)  
FROM  DISHA_MART_ANALYTICS.REGULATORY_MART.OUTSTANDING_MART
WHERE Product <> 'OTHER LOAN'
AND CRE_RH_Tagging is not null
AND Report_Date IN ({{report_dates}})",monthly
435,Schedule V,Loan Outstandings,"(a) Out of the 1.2(i) above, Loans for Slum Rehabilitation Authority (SRA)",R1328,C217,Gross carrying amount (Note-2),NA,part-1,Part-1C,,,,monthly
437,Schedule V,Loan Outstandings,2-Non-Housing Loans,R1330,C217,Gross carrying amount (Note-2),derived ,part-1,Part-1C,,,,monthly
438,Schedule V,Loan Outstandings,2.1-Individuals,R1331,C217,Gross carrying amount (Note-2),derived ,part-1,Part-1C,,,,monthly
439,Schedule V,Loan Outstandings,(i) for mortgage/property/home equity loans/LAP,R1332,C217,Gross carrying amount (Note-2),NA,part-1,Part-1C,,,,monthly
440,Schedule V,Loan Outstandings,(ii) Lease Rental Discounting,R1333,C217,Gross carrying amount (Note-2),NA,part-1,Part-1C,,,,monthly
441,Schedule V,Loan Outstandings,(iii) Others,R1334,C217,Gross carrying amount (Note-2),NA,part-1,Part-1C,,,,monthly
442,Schedule V,Loan Outstandings,(a) Of (iii) above loan against the security of shares/ debentures / bonds,R1335,C217,Gross carrying amount (Note-2),NA,part-1,Part-1C,,,,monthly
443,Schedule V,Loan Outstandings,(b) Of (iii) above loans against security of gold jewellery,R1336,C217,Gross carrying amount (Note-2),NA,part-1,Part-1C,,,,monthly
444,Schedule V,Loan Outstandings,2.2-Builders and Corporates,R1337,C217,Gross carrying amount (Note-2),derived ,part-1,Part-1C,,,,monthly
445,Schedule V,Loan Outstandings,(i) Non-residential projects,R1338,C217,Gross carrying amount (Note-2),NA,part-1,Part-1C,,,,monthly
446,Schedule V,Loan Outstandings,(ii) Lease Rental Discounting,R1339,C217,Gross carrying amount (Note-2),NA,part-1,Part-1C,,,,monthly
447,Schedule V,Loan Outstandings,(iii) Others,R1340,C217,Gross carrying amount (Note-2),Mart,part-1,Part-1C,Outstanding_mart,"populate sum(NHL_bifurcation_of__EAD)   where,
1- nhb_Product = 'Other Loan'
2- Customer_type = 'CORPORATE'","SELECT  sum(NHL_bifurcation_of__EAD)  
FROM  DISHA_MART_ANALYTICS.REGULATORY_MART.OUTSTANDING_MART
WHERE Product = 'OTHER LOAN'
AND Customer_type = 'CORPORATE'
AND Report_Date IN ({{report_dates}})",monthly
448,Schedule V,Loan Outstandings,(a) Of (iii) above loan against the security of shares/ debentures / bonds,R1341,C217,Gross carrying amount (Note-2),NA,part-1,Part-1C,,,,monthly
451,Schedule V,Loan under Moratorium,Retail Accounts,R1344,C218,No. of accounts,NA,part-1,Part-1D,,,,monthly
452,Schedule V,Loan under Moratorium,Non-Retail Accounts,R1345,C218,No. of accounts,NA,part-1,Part-1D,,,,monthly
453,Schedule V,Loan under Moratorium,Retail Accounts,R1344,C219,Amt. outstanding Reporting month's end,NA,part-1,Part-1D,,,,monthly
454,Schedule V,Loan under Moratorium,Non-Retail Accounts,R1345,C219,Amt. outstanding Reporting month's end,NA,part-1,Part-1D,,,,monthly
455,Schedule V,NPAs (Credit Impaired),1-Housing Loans,R1347,C220,No. of accounts,derived ,part-1,Part-1E,,,,monthly
456,Schedule V,NPAs (Credit Impaired),1.1-Individuals,R1348,C220,No. of accounts,derived ,part-1,Part-1E,,,,monthly
457,Schedule V,NPAs (Credit Impaired),(i) for construction/purchase of new units,R1349,C220,No. of accounts,Mart,part-1,Part-1E,Outstanding_mart,"populate count(Loan_no_new) where,
1- Customer_type = 'INDIVIDUAL'
2- CRE_RH_Tagging is null
3- nhb_Product = ('Purchase', 'Construction')
4- Asset_classification_Ind_AS = Stage 3","SELECT COUNT(Loan_number_new)
FROM  DISHA_MART_ANALYTICS.REGULATORY_MART.OUTSTANDING_MART
WHERE Customer_type = 'INDIVIDUAL'
  AND CRE_RH_Tagging  is null
  AND PRODUCT IN ('Purchase', 'Construction')
  AND Asset_classification_Ind_AS = 'Stage 3'
  AND Report_Date IN ({{report_dates}})",monthly
458,Schedule V,NPAs (Credit Impaired),"(a) Out of the 1.1(i) above, loans granted for purchase of dwelling units from builders (under construction + completed)",R1350,C220,No. of accounts,Mart,part-1,Part-1E,Outstanding_mart,"populate count(Loan_no_new) where,
1- Transaction_structure = ('Builder Purchase', 'General APF')
2- Staging = 'Stage 3'","SELECT COUNT(Loan_number_new)
FROM  DISHA_MART_ANALYTICS.REGULATORY_MART.OUTSTANDING_MART
WHERE Transaction_structure IN ('BUILDER_PURCHASE', 'GENERAL_APF')
AND Asset_classification_Ind_AS = 'Stage 3'
AND Report_Date IN ({{report_dates}})",monthly
459,Schedule V,NPAs (Credit Impaired),"(b) Out of the 1.1(i) above, loans granted for Plot + Construction",R1351,C220,No. of accounts,Mart,part-1,Part-1E,Outstanding_mart,"populate count(Loan_no_new) where,
1- Customer_type = 'INDIVIDUAL'
2- system_product = 'Purchase and Construction'
3- Staging = 'Stage 3'","SELECT COUNT(Loan_number_new)
FROM  DISHA_MART_ANALYTICS.REGULATORY_MART.OUTSTANDING_MART
WHERE Customer_type = 'INDIVIDUAL'
AND product = 'Purchase and Construction'
AND Asset_classification_Ind_AS = 'Stage 3'
AND Report_Date IN ({{report_dates}})",monthly
460,Schedule V,NPAs (Credit Impaired),(ii) for purchasing old units (Resale),R1352,C220,No. of accounts,Mart,part-1,Part-1E,Outstanding_mart,"populate count(Loan_no_new) where,
1- Customer_type = 'INDIVIDUAL'
2- nhb_Product = 'Resale Property Purchase'
3- Staging = Stage3","SELECT COUNT(Loan_number_new)
FROM  DISHA_MART_ANALYTICS.REGULATORY_MART.OUTSTANDING_MART
WHERE Customer_type = 'INDIVIDUAL'
AND product = 'Resale Property Purchase'
AND Asset_classification_Ind_AS = 'Stage 3'
AND Report_Date IN ({{report_dates}})",monthly
461,Schedule V,NPAs (Credit Impaired),(iii) for repair & renovation of existing units,R1353,C220,No. of accounts,Mart,part-1,Part-1E,Outstanding_mart,"populate count(Loan_no_new) where,
1- Customer_type = 'INDIVIDUAL'
2- nhb_Product = 'Repair and Renovation Loan'
3- Staging = Stage3","SELECT COUNT(Loan_number_new)
FROM  DISHA_MART_ANALYTICS.REGULATORY_MART.OUTSTANDING_MART
WHERE Customer_type = 'INDIVIDUAL'
AND product = 'Repair and Renovation Loan'
AND Asset_classification_Ind_AS = 'Stage 3'
AND Report_Date IN ({{report_dates}})",monthly
462,Schedule V,NPAs (Credit Impaired),1.2-Builders and Corporates,R1354,C220,No. of accounts,derived ,part-1,Part-1E,,,,monthly
463,Schedule V,NPAs (Credit Impaired),(i) Residential Projects,R1355,C220,No. of accounts,Mart,part-1,Part-1E,Outstanding_mart,"populate count(Loan_no_new) where,
1- nhb_Product <> 'Other Loan'
2- CRE_RH_Tagging is not null
3- Asset_classification_Ind_AS = Stage 3","SELECT COUNT(Loan_number_new)
FROM  DISHA_MART_ANALYTICS.REGULATORY_MART.OUTSTANDING_MART
WHERE Product <> 'OTHER LOAN'
AND CRE_RH_Tagging is not null
AND Asset_classification_Ind_AS = 'Stage 3'
AND Report_Date IN ({{report_dates}})",monthly
464,Schedule V,NPAs (Credit Impaired),"(a) Out of the 1.2(i) above, Loans for Slum Rehabilitation Authority (SRA)",R1356,C220,No. of accounts,NA,part-1,Part-1E,,,,monthly
466,Schedule V,NPAs (Credit Impaired),2-Non-Housing Loans,R1358,C220,No. of accounts,derived ,part-1,Part-1E,,,,monthly
467,Schedule V,NPAs (Credit Impaired),2.1-Individuals,R1359,C220,No. of accounts,derived ,part-1,Part-1E,,,,monthly
468,Schedule V,NPAs (Credit Impaired),(i) for mortgage/property/home equity loans/LAP,R1360,C220,No. of accounts,NA,part-1,Part-1E,,,,monthly
469,Schedule V,NPAs (Credit Impaired),(ii) Lease Rental Discounting,R1361,C220,No. of accounts,NA,part-1,Part-1E,,,,monthly
470,Schedule V,NPAs (Credit Impaired),(iii) Others,R1362,C220,No. of accounts,NA,part-1,Part-1E,,,,monthly
471,Schedule V,NPAs (Credit Impaired),(a) Of (iii) above loan against the security of shares/ debentures / bonds,R1363,C220,No. of accounts,NA,part-1,Part-1E,,,,monthly
472,Schedule V,NPAs (Credit Impaired),(b) Of (iii) above loans against security of gold jewellery,R1364,C220,No. of accounts,NA,part-1,Part-1E,,,,monthly
473,Schedule V,NPAs (Credit Impaired),2.2-Builders and Corporates,R1365,C220,No. of accounts,derived ,part-1,Part-1E,,,,monthly
474,Schedule V,NPAs (Credit Impaired),(i) Non-residential projects,R1366,C220,No. of accounts,NA,part-1,Part-1E,,,,monthly
475,Schedule V,NPAs (Credit Impaired),(ii) Lease Rental Discounting,R1367,C220,No. of accounts,NA,part-1,Part-1E,,,,monthly
476,Schedule V,NPAs (Credit Impaired),(iii) Others,R1368,C220,No. of accounts,Mart,part-1,Part-1E,Outstanding_mart,"populate count(Loan_no_new) where,
1- nhb_Product = 'Other Loan'
2- Customer_type = 'CORPORATE'","SELECT COUNT(Loan_number_new)
FROM  DISHA_MART_ANALYTICS.REGULATORY_MART.OUTSTANDING_MART
WHERE Product = 'OTHER LOAN'
AND Customer_type = 'CORPORATE'
AND Report_Date IN ({{report_dates}})",monthly
477,Schedule V,NPAs (Credit Impaired),(a) Of (iii) above loan against the security of shares/ debentures / bonds,R1369,C220,No. of accounts,NA,part-1,Part-1E,,,,monthly
479,Schedule V,NPAs (Credit Impaired),3-Gross Non-performing Assets,R1371,C220,No. of accounts,derived ,part-1,Part-1E,,,,monthly
480,Schedule V,NPAs (Credit Impaired),4-Provisions for NPAs/ (Loss Allowances),R1372,C220,No. of accounts,Mart,part-1,Part-1E,Outstanding_mart,Provision_as_per_IRACP_norms,,monthly
481,Schedule V,NPAs (Credit Impaired),6-Net Non-performing Assets,R1373,C220,No. of accounts,derived ,part-1,Part-1E,,,,monthly
482,Schedule V,NPAs (Credit Impaired),7-Gross Loans & advances,R1374,C220,No. of accounts,NA,part-1,Part-1E,,,,monthly
483,Schedule V,NPAs (Credit Impaired),8-Net Loans & advances,R1375,C220,No. of accounts,NA,part-1,Part-1E,,,,monthly
484,Schedule V,NPAs (Credit Impaired),9-Gross NPA % to Gross Loans & advances,R1376,C220,No. of accounts,derived ,part-1,Part-1E,,,,monthly
485,Schedule V,NPAs (Credit Impaired),10-Net NPA % to Net Loans & advances,R1377,C220,No. of accounts,derived ,part-1,Part-1E,,,,monthly
486,Schedule V,NPAs (Credit Impaired),1-Housing Loans,R1347,C221,Amt. outstanding Reporting month's end,derived ,part-1,Part-1E,,,,monthly
487,Schedule V,NPAs (Credit Impaired),1.1-Individuals,R1348,C221,Amt. outstanding Reporting month's end,derived ,part-1,Part-1E,,,,monthly
488,Schedule V,NPAs (Credit Impaired),(i) for construction/purchase of new units,R1349,C221,Amt. outstanding Reporting month's end,Mart,part-1,Part-1E,Outstanding_mart,"populate sum(HL_bifurcation_of__EAD) where,
1- Customer_type = 'INDIVIDUAL'
2- CRE_RH_Tagging is null
3- nhb_Product = ('Purchase', 'Construction')
4- Asset_classification_Ind_AS = Stage 3","SELECT sum(HL_bifurcation_of__EAD) 
FROM  DISHA_MART_ANALYTICS.REGULATORY_MART.OUTSTANDING_MART
WHERE Customer_type = 'INDIVIDUAL'
AND CRE_RH_Tagging is null
AND Product IN ('Purchase', 'Construction')
AND Asset_classification_Ind_AS = 'Stage 3'
AND Report_Date IN ({{report_dates}})",monthly
489,Schedule V,NPAs (Credit Impaired),"(a) Out of the 1.1(i) above, loans granted for purchase of dwelling units from builders (under construction + completed)",R1350,C221,Amt. outstanding Reporting month's end,Mart,part-1,Part-1E,Outstanding_mart,"populate sum(HL_bif_of__EAD) where,
1- Transaction_structure = ('Builder Purchase', 'General APF')
2- Staging = 'Stage 3'","SELECT sum(HL_bifurcation_of__EAD) 
FROM  DISHA_MART_ANALYTICS.REGULATORY_MART.OUTSTANDING_MART
WHERE Transaction_structure IN ('BUILDER_PURCHASE', 'GENERAL_APF')
AND Asset_classification_Ind_AS = 'Stage 3'
AND Report_Date IN ({{report_dates}})",monthly
490,Schedule V,NPAs (Credit Impaired),"(b) Out of the 1.1(i) above, loans granted for Plot + Construction",R1351,C221,Amt. outstanding Reporting month's end,Mart,part-1,Part-1E,Outstanding_mart,"populate sum(HL_Bifur_of__EAD) where,
1- Customer_type = 'INDIVIDUAL'
2- system_product = 'Purchase and Construction'
3- Staging = 'Stage 3'","SELECT sum(HL_bifurcation_of__EAD) 
FROM  DISHA_MART_ANALYTICS.REGULATORY_MART.OUTSTANDING_MART
WHERE Customer_type = 'INDIVIDUAL'
AND product = 'Purchase and Construction'
AND Asset_classification_Ind_AS = 'Stage 3'
AND Report_Date IN ({{report_dates}})",monthly
491,Schedule V,NPAs (Credit Impaired),(ii) for purchasing old units (Resale),R1352,C221,Amt. outstanding Reporting month's end,Mart,part-1,Part-1E,Outstanding_mart,"populate sum(HL_bifurcation_of__EAD) where,
1- Customer_type = 'INDIVIDUAL'
2- nhb_Product = 'Resale Property Purchase'
3- Staging = Stage3","SELECT sum(HL_bifurcation_of__EAD) 
FROM  DISHA_MART_ANALYTICS.REGULATORY_MART.OUTSTANDING_MART
WHERE Customer_type = 'INDIVIDUAL'
AND product = 'Resale Property Purchase'
AND Asset_classification_Ind_AS = 'Stage 3'
AND Report_Date IN ({{report_dates}})",monthly
492,Schedule V,NPAs (Credit Impaired),(iii) for repair & renovation of existing units,R1353,C221,Amt. outstanding Reporting month's end,Mart,part-1,Part-1E,Outstanding_mart,"populate sum(HL_bifurcation_of__EAD) where,
1- Customer_type = 'INDIVIDUAL'
2- nhb_Product = 'Repair and Renovation Loan'
3- Staging = Stage3","SELECT sum(HL_bifurcation_of__EAD) 
FROM  DISHA_MART_ANALYTICS.REGULATORY_MART.OUTSTANDING_MART
WHERE Customer_type = 'INDIVIDUAL'
AND product = 'Repair and Renovation Loan'
AND Asset_classification_Ind_AS = 'Stage 3'
AND Report_Date IN ({{report_dates}})",monthly
493,Schedule V,NPAs (Credit Impaired),1.2-Builders and Corporates,R1354,C221,Amt. outstanding Reporting month's end,derived ,part-1,Part-1E,,,,monthly
494,Schedule V,NPAs (Credit Impaired),(i) Residential Projects,R1355,C221,Amt. outstanding Reporting month's end,Mart,part-1,Part-1E,Outstanding_mart,"populate sum(HL_bifurcation_of__EAD) where,
1- nhb_Product <> 'Other Loan'
2- CRE_RH_Tagging is not null
3- Asset_classification_Ind_AS = Stage 3","SELECT sum(HL_bifurcation_of__EAD) 
FROM  DISHA_MART_ANALYTICS.REGULATORY_MART.OUTSTANDING_MART
WHERE Product <> 'OTHER LOAN'
AND CRE_RH_Tagging is not null
AND Asset_classification_Ind_AS = 'Stage 3'
AND Report_Date IN ({{report_dates}})",monthly
495,Schedule V,NPAs (Credit Impaired),"(a) Out of the 1.2(i) above, Loans for Slum Rehabilitation Authority (SRA)",R1356,C221,Amt. outstanding Reporting month's end,NA,part-1,Part-1E,,,,monthly
497,Schedule V,NPAs (Credit Impaired),2-Non-Housing Loans,R1358,C221,Amt. outstanding Reporting month's end,derived ,part-1,Part-1E,,,,monthly
498,Schedule V,NPAs (Credit Impaired),2.1-Individuals,R1359,C221,Amt. outstanding Reporting month's end,derived ,part-1,Part-1E,,,,monthly
499,Schedule V,NPAs (Credit Impaired),(i) for mortgage/property/home equity loans/LAP,R1360,C221,Amt. outstanding Reporting month's end,NA,part-1,Part-1E,,,,monthly
500,Schedule V,NPAs (Credit Impaired),(ii) Lease Rental Discounting,R1361,C221,Amt. outstanding Reporting month's end,NA,part-1,Part-1E,,,,monthly
501,Schedule V,NPAs (Credit Impaired),(iii) Others,R1362,C221,Amt. outstanding Reporting month's end,NA,part-1,Part-1E,,,,monthly
502,Schedule V,NPAs (Credit Impaired),(a) Of (iii) above loan against the security of shares/ debentures / bonds,R1363,C221,Amt. outstanding Reporting month's end,NA,part-1,Part-1E,,,,monthly
503,Schedule V,NPAs (Credit Impaired),(b) Of (iii) above loans against security of gold jewellery,R1364,C221,Amt. outstanding Reporting month's end,NA,part-1,Part-1E,,,,monthly
504,Schedule V,NPAs (Credit Impaired),2.2-Builders and Corporates,R1365,C221,Amt. outstanding Reporting month's end,derived ,part-1,Part-1E,,,,monthly
505,Schedule V,NPAs (Credit Impaired),(i) Non-residential projects,R1366,C221,Amt. outstanding Reporting month's end,NA,part-1,Part-1E,,,,monthly
506,Schedule V,NPAs (Credit Impaired),(ii) Lease Rental Discounting,R1367,C221,Amt. outstanding Reporting month's end,NA,part-1,Part-1E,,,,monthly
507,Schedule V,NPAs (Credit Impaired),(iii) Others,R1368,C221,Amt. outstanding Reporting month's end,Mart,part-1,Part-1E,Outstanding_mart,"populate sum(NHL_bifurcation_of__EAD) where,
1- nhb_Product = 'Other Loan'
2- Customer_type = 'CORPORATE'","SELECT sum(NHL_bifurcation_of__EAD) 
FROM  DISHA_MART_ANALYTICS.REGULATORY_MART.OUTSTANDING_MART
WHERE Product = 'OTHER LOAN'
AND Customer_type = 'CORPORATE'
AND Report_Date IN ({{report_dates}})",monthly
508,Schedule V,NPAs (Credit Impaired),(a) Of (iii) above loan against the security of shares/ debentures / bonds,R1369,C221,Amt. outstanding Reporting month's end,NA,part-1,Part-1E,,,,monthly
510,Schedule V,NPAs (Credit Impaired),3-Gross Non-performing Assets,R1371,C221,Amt. outstanding Reporting month's end,derived ,part-1,Part-1E,,,,monthly
511,Schedule V,NPAs (Credit Impaired),4-Provisions for NPAs/ (Loss Allowances),R1372,C221,Amt. outstanding Reporting month's end,Mart,part-1,Part-1E,Outstanding_mart,Provision_as_per_IRACP_norms,,monthly
512,Schedule V,NPAs (Credit Impaired),6-Net Non-performing Assets,R1373,C221,Amt. outstanding Reporting month's end,derived ,part-1,Part-1E,,,,monthly
513,Schedule V,NPAs (Credit Impaired),7-Gross Loans & advances,R1374,C221,Amt. outstanding Reporting month's end,NA,part-1,Part-1E,,,,monthly
514,Schedule V,NPAs (Credit Impaired),8-Net Loans & advances,R1375,C221,Amt. outstanding Reporting month's end,NA,part-1,Part-1E,,,,monthly
515,Schedule V,NPAs (Credit Impaired),9-Gross NPA % to Gross Loans & advances,R1376,C221,Amt. outstanding Reporting month's end,derived ,part-1,Part-1E,,,,monthly
516,Schedule V,NPAs (Credit Impaired),10-Net NPA % to Net Loans & advances,R1377,C221,Amt. outstanding Reporting month's end,derived ,part-1,Part-1E,,,,monthly
517,Schedule V,Interest Rate Structure,Retail Prime Lending Rate - Housing,R1464,C270,Fixed Rate- Min%,Mart,Part-5,Part-5,Outstanding_mart,"Populate min(ROI_as_on_reporting_date)
where,
1- nhb_Product <> 'Other Loan'
2- ROI_Type = 'Fixed'","SELECT MIN(ROI_as_on_reporting_date) 
FROM  DISHA_MART_ANALYTICS.REGULATORY_MART.OUTSTANDING_MART
WHERE Product <> 'OTHER LOAN' 
AND ROI_Type = 'FIXED'
AND Report_Date IN ({{report_dates}})",monthly
518,Schedule V,Interest Rate Structure,Retail Prime Lending Rate - Non-Housing,R1465,C271,Fixed Rate- Min%,Mart,Part-5,Part-5,Outstanding_mart,"Populate min(ROI_as_on_reporting_date)
where,
1- nhb_Product = 'Other Loan'
2- ROI_Type = 'Fixed'","SELECT MIN(ROI_as_on_reporting_date) 
FROM  DISHA_MART_ANALYTICS.REGULATORY_MART.OUTSTANDING_MART
WHERE Product = 'OTHER LOAN' 
AND ROI_Type = 'FIXED'
AND Report_Date IN ({{report_dates}})",monthly
519,Schedule V,Interest Rate Structure,Retail Prime Lending Rate - Housing,R1464,C272,Fixed Rate- Maximum %,Mart,Part-5,Part-5,Outstanding_mart,"Populate max(ROI_as_on_reporting_date)
where,
1- nhb_Product <> 'Other Loan'
2- ROI_Type = 'Fixed'","SELECT MAX(ROI_as_on_reporting_date) 
FROM  DISHA_MART_ANALYTICS.REGULATORY_MART.OUTSTANDING_MART
WHERE Product <> 'OTHER LOAN' 
AND ROI_Type = 'FIXED'
AND Report_Date IN ({{report_dates}})",monthly
520,Schedule V,Interest Rate Structure,Retail Prime Lending Rate - Non-Housing,R1465,C273,Fixed Rate- Maximum %,Mart,Part-5,Part-5,Outstanding_mart,"Populate max(ROI_as_on_reporting_date)
where,
1- nhb_Product = 'Other Loan'
2- ROI_Type = 'Fixed'","SELECT MAX(ROI_as_on_reporting_date) 
FROM  DISHA_MART_ANALYTICS.REGULATORY_MART.OUTSTANDING_MART
WHERE Product = 'OTHER LOAN' 
AND ROI_Type = 'FIXED'
AND Report_Date IN ({{report_dates}})",monthly
521,Schedule V,Interest Rate Structure,Retail Prime Lending Rate - Housing,R1464,C270,Floating Rate- Min%,Mart,Part-5,Part-5,Outstanding_mart,"Populate min(ROI_as_on_reporting_date)
where,
1- nhb_Product <> 'Other Loan'
2- ROI_Type = 'Floating'","SELECT MIN (ROI_as_on_reporting_date) 
FROM  DISHA_MART_ANALYTICS.REGULATORY_MART.OUTSTANDING_MART
WHERE Product <> 'OTHER LOAN' 
AND ROI_Type = 'FLOATING'
AND Report_Date IN ({{report_dates}})",monthly
522,Schedule V,Interest Rate Structure,Retail Prime Lending Rate - Non-Housing,R1465,C271,Floating Rate- Min%,Mart,Part-5,Part-5,Outstanding_mart,"Populate min(ROI_as_on_reporting_date)
where,
1- nhb_Product = 'Other Loan'
2- ROI_Type = 'Floating'","SELECT MIN (ROI_as_on_reporting_date) 
FROM  DISHA_MART_ANALYTICS.REGULATORY_MART.OUTSTANDING_MART
WHERE Product  = 'OTHER LOAN' 
AND ROI_Type = 'FLOATING'
AND Report_Date IN ({{report_dates}})",monthly
523,Schedule V,Interest Rate Structure,Retail Prime Lending Rate - Housing,R1464,C272,Floating Rate- Maximum %,Mart,Part-5,Part-5,Outstanding_mart,"Populate max(ROI_as_on_reporting_date)
where,
1- nhb_Product <> 'Other Loan'
2- ROI_Type = 'Floating'","SELECT MAX (ROI_as_on_reporting_date) 
FROM  DISHA_MART_ANALYTICS.REGULATORY_MART.OUTSTANDING_MART
WHERE Product  <> 'OTHER LOAN' 
AND ROI_Type = 'FLOATING'
AND Report_Date IN ({{report_dates}})",monthly
524,Schedule V,Interest Rate Structure,Retail Prime Lending Rate - Non-Housing,R1465,C273,Floating Rate- Maximum %,Mart,Part-5,Part-5,Outstanding_mart,"Populate max(ROI_as_on_reporting_date)
where,
1- nhb_Product = 'Other Loan'
2- ROI_Type = 'Floating'","SELECT MAX (ROI_as_on_reporting_date) 
FROM  DISHA_MART_ANALYTICS.REGULATORY_MART.OUTSTANDING_MART
WHERE Product  = 'OTHER LOAN' 
AND ROI_Type = 'FLOATING'
AND Report_Date IN ({{report_dates}})",monthly
525,Schedule V,Interest Rate Structure,1-Housing Loan to Individuals 1.1-Upto 5%,R1468,C270,Fixed rate- No. of accounts,Mart,Part-5,Part-5,Outstanding_mart,"Select count(Loan_number_new) where
1- Customer_type = 'INDIVIDUAL'
2- nhb_Product <> 'Other Loan'
3- ROI_Type = 'Fixed'
4- ROI_as_on_reporting_date <= 5%","SELECT count(Loan_number_new)
FROM  DISHA_MART_ANALYTICS.REGULATORY_MART.OUTSTANDING_MART
WHERE Customer_type = 'INDIVIDUAL'
AND nhb_Product <> 'OTHER LOAN'
AND ROI_Type = 'FIXED'
AND ROI_as_on_reporting_date <= '5%'
AND Report_Date IN ({{report_dates}});",monthly
526,Schedule V,Interest Rate Structure,1-Housing Loan to Individuals 1.2-Above 5% to 10%,R1469,C270,Fixed rate- No. of accounts,Mart,Part-5,Part-5,Outstanding_mart,"Select count(Loan_number_new) where
1- Customer_type = 'INDIVIDUAL'
2- nhb_Product <> 'Other Loan'
3- ROI_Type = 'Fixed'
4- ROI_as_on_reporting_date > 5% and <= 10%","SELECT count(Loan_number_new)
FROM  DISHA_MART_ANALYTICS.REGULATORY_MART.OUTSTANDING_MART
WHERE Customer_type = 'INDIVIDUAL'
AND nhb_Product <> 'OTHER LOAN'
AND ROI_Type = 'FIXED'
AND ROI_as_on_reporting_date > '5%'
AND ROI_as_on_reporting_date <= '10%'
AND Report_Date IN ({{report_dates}});",monthly
527,Schedule V,Interest Rate Structure,1-Housing Loan to Individuals 1.3-Above 10% to 15%,R1470,C270,Fixed rate- No. of accounts,Mart,Part-5,Part-5,Outstanding_mart,"Select count(Loan_number_new) where
1- Customer_type = 'INDIVIDUAL'
2- nhb_Product <> 'Other Loan'
3- ROI_Type = 'Fixed'
4- ROI_as_on_reporting_date > 10% and <= 15%","SELECT count(Loan_number_new)
FROM  DISHA_MART_ANALYTICS.REGULATORY_MART.OUTSTANDING_MART
WHERE Customer_type = 'INDIVIDUAL'
AND nhb_Product <> 'OTHER LOAN'
AND ROI_Type = 'FIXED'
AND ROI_as_on_reporting_date > '10%'
AND ROI_as_on_reporting_date <= '15%'
AND Report_Date IN ({{report_dates}});",monthly
528,Schedule V,Interest Rate Structure,1-Housing Loan to Individuals 1.4-Above 15% to 20%,R1471,C270,Fixed rate- No. of accounts,Mart,Part-5,Part-5,Outstanding_mart,"Select count(Loan_number_new) where
1- Customer_type = 'INDIVIDUAL'
2- nhb_Product <> 'Other Loan'
3- ROI_Type = 'Fixed'
4- ROI_as_on_reporting_date > 15% and  <= 20%","SELECT count(Loan_number_new)
FROM  DISHA_MART_ANALYTICS.REGULATORY_MART.OUTSTANDING_MART
WHERE Customer_type = 'INDIVIDUAL'
AND nhb_Product <> 'OTHER LOAN'
AND ROI_Type = 'FIXED'
AND ROI_as_on_reporting_date > '15%'
AND ROI_as_on_reporting_date <= '20%'
AND Report_Date IN ({{report_dates}});",monthly
529,Schedule V,Interest Rate Structure,1-Housing Loan to Individuals 1.5-Above 20% to 30%,R1472,C270,Fixed rate- No. of accounts,Mart,Part-5,Part-5,Outstanding_mart,"Select count(Loan_number_new) where
1- Customer_type = 'INDIVIDUAL'
2- nhb_Product <> 'Other Loan'
3- ROI_Type = 'Fixed'
4- ROI_as_on_reporting_date > 20% and <= 30%","SELECT count(Loan_number_new)
FROM  DISHA_MART_ANALYTICS.REGULATORY_MART.OUTSTANDING_MART
WHERE Customer_type = 'INDIVIDUAL'
AND nhb_Product <> 'OTHER LOAN'
AND ROI_Type = 'FIXED'
AND ROI_as_on_reporting_date > '20%'
AND ROI_as_on_reporting_date <= '30%'
AND Report_Date IN ({{report_dates}});",monthly
530,Schedule V,Interest Rate Structure,1-Housing Loan to Individuals 1.6-Above 30%,R1473,C270,Fixed rate- No. of accounts,Mart,Part-5,Part-5,Outstanding_mart,"Select count(Loan_number_new) where
1- Customer_type = 'INDIVIDUAL'
2- nhb_Product <> 'Other Loan'
3- ROI_Type = 'Fixed'
4- ROI_as_on_reporting_date > 30%","SELECT count(Loan_number_new)
FROM  DISHA_MART_ANALYTICS.REGULATORY_MART.OUTSTANDING_MART
WHERE Customer_type = 'INDIVIDUAL'
AND nhb_Product <> 'OTHER LOAN'
AND ROI_Type = 'FIXED'
AND ROI_as_on_reporting_date > '30%'
AND Report_Date IN ({{report_dates}});",monthly
531,Schedule V,Interest Rate Structure,1-Housing Loan to Individuals 1.1-Upto 5%,R1468,C271,Fixed rate- Outstanding amount,Mart,Part-5,Part-5,Outstanding_mart,"Select sum(HL_POS) where
1- Customer_type = 'INDIVIDUAL'
2- nhb_Product <> 'Other Loan'
3- ROI_Type = 'Fixed'
4- ROI_as_on_reporting_date <= 5%","SELECT sum(HL_POS)
FROM  DISHA_MART_ANALYTICS.REGULATORY_MART.OUTSTANDING_MART
WHERE Customer_type = 'INDIVIDUAL'
AND nhb_Product <> 'OTHER LOAN'
AND ROI_Type = 'FIXED'
AND ROI_as_on_reporting_date <= '5%'
AND Report_Date IN ({{report_dates}});",monthly
532,Schedule V,Interest Rate Structure,1-Housing Loan to Individuals 1.2-Above 5% to 10%,R1469,C271,Fixed rate- Outstanding amount,Mart,Part-5,Part-5,Outstanding_mart,"Select sum(HL_POS) where
1- Customer_type = 'INDIVIDUAL'
2- nhb_Product <> 'Other Loan'
3- ROI_Type = 'Fixed'
4- ROI_as_on_reporting_date > 5% and <= 10%","SELECT  sum(HL_POS)
FROM  DISHA_MART_ANALYTICS.REGULATORY_MART.OUTSTANDING_MART
WHERE Customer_type = 'INDIVIDUAL'
AND nhb_Product <> 'OTHER LOAN'
AND ROI_Type = 'FIXED'
AND ROI_as_on_reporting_date > '5%'
AND ROI_as_on_reporting_date <= '10%'
AND Report_Date IN ({{report_dates}});",monthly
533,Schedule V,Interest Rate Structure,1-Housing Loan to Individuals 1.3-Above 10% to 15%,R1470,C271,Fixed rate- Outstanding amount,Mart,Part-5,Part-5,Outstanding_mart,"Select sum(HL_POS) where
1- Customer_type = 'INDIVIDUAL'
2- nhb_Product <> 'Other Loan'
3- ROI_Type = 'Fixed'
4- ROI_as_on_reporting_date > 10% and <= 15%","SELECT count(Loan_number_new)
FROM  DISHA_MART_ANALYTICS.REGULATORY_MART.OUTSTANDING_MART
WHERE Customer_type = 'INDIVIDUAL'
AND nhb_Product <> 'OTHER LOAN'
AND ROI_Type = 'FIXED'
AND ROI_as_on_reporting_date > '10%'
AND ROI_as_on_reporting_date <= '15%'
AND Report_Date IN ({{report_dates}});",monthly
534,Schedule V,Interest Rate Structure,1-Housing Loan to Individuals 1.4-Above 15% to 20%,R1471,C271,Fixed rate- Outstanding amount,Mart,Part-5,Part-5,Outstanding_mart,"Select sum(HL_POS) where
1- Customer_type = 'INDIVIDUAL'
2- nhb_Product <> 'Other Loan'
3- ROI_Type = 'Fixed'
4- ROI_as_on_reporting_date > 15% and  <= 20%","SELECT  sum(HL_POS)
FROM  DISHA_MART_ANALYTICS.REGULATORY_MART.OUTSTANDING_MART
WHERE Customer_type = 'INDIVIDUAL'
AND nhb_Product <> 'OTHER LOAN'
AND ROI_Type = 'FIXED'
AND ROI_as_on_reporting_date > '15%'
AND ROI_as_on_reporting_date <= '20%'
AND Report_Date IN ({{report_dates}});",monthly
535,Schedule V,Interest Rate Structure,1-Housing Loan to Individuals 1.5-Above 20% to 30%,R1472,C271,Fixed rate- Outstanding amount,Mart,Part-5,Part-5,Outstanding_mart,"Select sum(HL_POS) where
1- Customer_type = 'INDIVIDUAL'
2- nhb_Product <> 'Other Loan'
3- ROI_Type = 'Fixed'
4- ROI_as_on_reporting_date > 20% and <= 30%","SELECT  sum(HL_POS)
FROM  DISHA_MART_ANALYTICS.REGULATORY_MART.OUTSTANDING_MART
WHERE Customer_type = 'INDIVIDUAL'
AND nhb_Product <> 'OTHER LOAN'
AND ROI_Type = 'FIXED'
AND ROI_as_on_reporting_date > '20%'
AND ROI_as_on_reporting_date <= '30%'
AND Report_Date IN ({{report_dates}});",monthly
536,Schedule V,Interest Rate Structure,1-Housing Loan to Individuals 1.6-Above 30%,R1473,C271,Fixed rate- Outstanding amount,Mart,Part-5,Part-5,Outstanding_mart,"Select sum(HL_POS) where
1- Customer_type = 'INDIVIDUAL'
2- nhb_Product <> 'Other Loan'
3- ROI_Type = 'Fixed'
4- ROI_as_on_reporting_date > 30%","SELECT sum(HL_POS)
FROM  DISHA_MART_ANALYTICS.REGULATORY_MART.OUTSTANDING_MART
WHERE Customer_type = 'INDIVIDUAL'
AND nhb_Product <> 'OTHER LOAN'
AND ROI_Type = 'FIXED'
AND ROI_as_on_reporting_date > '30%'
AND Report_Date IN ({{report_dates}});",monthly
537,Schedule V,Interest Rate Structure,1-Housing Loan to Individuals 1.1-Upto 5%,R1468,C272,Floating rate- No. of accounts,Mart,Part-5,Part-5,Outstanding_mart,"Select count(Loan_number_new) where
1- Customer_type = 'INDIVIDUAL'
2- nhb_Product <> 'Other Loan'
3- ROI_Type = 'Floating'
4- ROI_as_on_reporting_date <= 5%","SELECT count(Loan_number_new)
FROM  DISHA_MART_ANALYTICS.REGULATORY_MART.OUTSTANDING_MART
WHERE Customer_type = 'INDIVIDUAL'
AND nhb_Product <> 'OTHER LOAN'
AND ROI_Type = 'FLOATING'
AND ROI_as_on_reporting_date <= '5%'
AND Report_Date IN ({{report_dates}});",monthly
538,Schedule V,Interest Rate Structure,1-Housing Loan to Individuals 1.2-Above 5% to 10%,R1469,C272,Floating rate- No. of accounts,Mart,Part-5,Part-5,Outstanding_mart,"Select count(Loan_number_new) where
1- Customer_type = 'INDIVIDUAL'
2- nhb_Product <> 'Other Loan'
3- ROI_Type = 'Floating'
4- ROI_as_on_reporting_date > 5% and <= 10%","SELECT count(Loan_number_new)
FROM  DISHA_MART_ANALYTICS.REGULATORY_MART.OUTSTANDING_MART
WHERE Customer_type = 'INDIVIDUAL'
AND nhb_Product <> 'OTHER LOAN'
AND ROI_Type = 'FLOATING'
AND ROI_as_on_reporting_date > '5%'
AND ROI_as_on_reporting_date <= '10%'
AND Report_Date IN ({{report_dates}});",monthly
539,Schedule V,Interest Rate Structure,1-Housing Loan to Individuals 1.3-Above 10% to 15%,R1470,C272,Floating rate- No. of accounts,Mart,Part-5,Part-5,Outstanding_mart,"Select count(Loan_number_new) where
1- Customer_type = 'INDIVIDUAL'
2- nhb_Product <> 'Other Loan'
3- ROI_Type = 'Floating'
4- ROI_as_on_reporting_date > 10% and <= 15%","SELECT count(Loan_number_new)
FROM  DISHA_MART_ANALYTICS.REGULATORY_MART.OUTSTANDING_MART
WHERE Customer_type = 'INDIVIDUAL'
AND nhb_Product <> 'OTHER LOAN'
AND ROI_Type = 'FLOATING'
AND ROI_as_on_reporting_date > '10%'
AND ROI_as_on_reporting_date <= '15%'
AND Report_Date IN ({{report_dates}});",monthly
540,Schedule V,Interest Rate Structure,1-Housing Loan to Individuals 1.4-Above 15% to 20%,R1471,C272,Floating rate- No. of accounts,Mart,Part-5,Part-5,Outstanding_mart,"Select count(Loan_number_new) where
1- Customer_type = 'INDIVIDUAL'
2- nhb_Product <> 'Other Loan'
3- ROI_Type = 'Floating'
4- ROI_as_on_reporting_date > 15% and  <= 20%","SELECT count(Loan_number_new)
FROM  DISHA_MART_ANALYTICS.REGULATORY_MART.OUTSTANDING_MART
WHERE Customer_type = 'INDIVIDUAL'
AND nhb_Product <> 'OTHER LOAN'
AND ROI_Type = 'FLOATING'
AND ROI_as_on_reporting_date > '15%'
AND ROI_as_on_reporting_date <= '20%'
AND Report_Date IN ({{report_dates}});",monthly
541,Schedule V,Interest Rate Structure,1-Housing Loan to Individuals 1.5-Above 20% to 30%,R1472,C272,Floating rate- No. of accounts,Mart,Part-5,Part-5,Outstanding_mart,"Select count(Loan_number_new) where
1- Customer_type = 'INDIVIDUAL'
2- nhb_Product <> 'Other Loan'
3- ROI_Type = 'Floating'
4- ROI_as_on_reporting_date > 20% and <= 30%","SELECT count(Loan_number_new)
FROM  DISHA_MART_ANALYTICS.REGULATORY_MART.OUTSTANDING_MART
WHERE Customer_type = 'INDIVIDUAL'
AND nhb_Product <> 'OTHER LOAN'
AND ROI_Type = 'FLOATING'
AND ROI_as_on_reporting_date > '20%'
AND ROI_as_on_reporting_date <= '30%'
AND Report_Date IN ({{report_dates}});",monthly
542,Schedule V,Interest Rate Structure,1-Housing Loan to Individuals 1.6-Above 30%,R1473,C272,Floating rate- No. of accounts,Mart,Part-5,Part-5,Outstanding_mart,"Select count(Loan_number_new) where
1- Customer_type = 'INDIVIDUAL'
2- nhb_Product <> 'Other Loan'
3- ROI_Type = 'Floating'
4- ROI_as_on_reporting_date > 30%","SELECT count(Loan_number_new)
FROM  DISHA_MART_ANALYTICS.REGULATORY_MART.OUTSTANDING_MART
WHERE Customer_type = 'INDIVIDUAL'
AND nhb_Product <> 'OTHER LOAN'
AND ROI_Type = 'FLOATING'
AND ROI_as_on_reporting_date > '30%'
AND Report_Date IN ({{report_dates}});",monthly
543,Schedule V,Interest Rate Structure,1-Housing Loan to Individuals 1.1-Upto 5%,R1468,C273,Floating rate- Outstanding amount,Mart,Part-5,Part-5,Outstanding_mart,"Select sum(HL_POS) where
1- Customer_type = 'INDIVIDUAL'
2- nhb_Product <> 'Other Loan'
3- ROI_Type = 'Fixed'
4- ROI_as_on_reporting_date <= 5%","SELECT sum(HL_POS)
FROM  DISHA_MART_ANALYTICS.REGULATORY_MART.OUTSTANDING_MART
WHERE Customer_type = 'INDIVIDUAL'
AND nhb_Product <> 'OTHER LOAN'
AND ROI_Type = 'FLOATING'
AND ROI_as_on_reporting_date <= '5%'
AND Report_Date IN ({{report_dates}});",monthly
544,Schedule V,Interest Rate Structure,1-Housing Loan to Individuals 1.2-Above 5% to 10%,R1469,C273,Floating rate- Outstanding amount,Mart,Part-5,Part-5,Outstanding_mart,"Select sum(HL_POS) where
1- Customer_type = 'INDIVIDUAL'
2- nhb_Product <> 'Other Loan'
3- ROI_Type = 'Floating'
4- ROI_as_on_reporting_date > 5% and <= 10%","SELECT  sum(HL_POS)
FROM  DISHA_MART_ANALYTICS.REGULATORY_MART.OUTSTANDING_MART
WHERE Customer_type = 'INDIVIDUAL'
AND nhb_Product <> 'OTHER LOAN'
AND ROI_Type = 'FLOATING'
AND ROI_as_on_reporting_date > '5%'
AND ROI_as_on_reporting_date <= '10%'
AND Report_Date IN ({{report_dates}});",monthly
545,Schedule V,Interest Rate Structure,1-Housing Loan to Individuals 1.3-Above 10% to 15%,R1470,C273,Floating rate- Outstanding amount,Mart,Part-5,Part-5,Outstanding_mart,"Select sum(HL_POS) where
1- Customer_type = 'INDIVIDUAL'
2- nhb_Product <> 'Other Loan'
3- ROI_Type = 'Floating'
4- ROI_as_on_reporting_date > 10% and <= 15%","SELECT count(Loan_number_new)
FROM  DISHA_MART_ANALYTICS.REGULATORY_MART.OUTSTANDING_MART
WHERE Customer_type = 'INDIVIDUAL'
AND nhb_Product <> 'OTHER LOAN'
AND ROI_Type = 'FLOATING'
AND ROI_as_on_reporting_date > '10%'
AND ROI_as_on_reporting_date <= '15%'
AND Report_Date IN ({{report_dates}});",monthly
546,Schedule V,Interest Rate Structure,1-Housing Loan to Individuals 1.4-Above 15% to 20%,R1471,C273,Floating rate- Outstanding amount,Mart,Part-5,Part-5,Outstanding_mart,"Select sum(HL_POS) where
1- Customer_type = 'INDIVIDUAL'
2- nhb_Product <> 'Other Loan'
3- ROI_Type = 'Floating'
4- ROI_as_on_reporting_date > 15% and  <= 20%","SELECT  sum(HL_POS)
FROM  DISHA_MART_ANALYTICS.REGULATORY_MART.OUTSTANDING_MART
WHERE Customer_type = 'INDIVIDUAL'
AND nhb_Product <> 'OTHER LOAN'
AND ROI_Type = 'FLOATING'
AND ROI_as_on_reporting_date > '15%'
AND ROI_as_on_reporting_date <= '20%'
AND Report_Date IN ({{report_dates}});",monthly
547,Schedule V,Interest Rate Structure,1-Housing Loan to Individuals 1.5-Above 20% to 30%,R1472,C273,Floating rate- Outstanding amount,Mart,Part-5,Part-5,Outstanding_mart,"Select sum(HL_POS) where
1- Customer_type = 'INDIVIDUAL'
2- nhb_Product <> 'Other Loan'
3- ROI_Type = 'Floating'
4- ROI_as_on_reporting_date > 20% and <= 30%","SELECT  sum(HL_POS)
FROM  DISHA_MART_ANALYTICS.REGULATORY_MART.OUTSTANDING_MART
WHERE Customer_type = 'INDIVIDUAL'
AND nhb_Product <> 'OTHER LOAN'
AND ROI_Type = 'FLOATING'
AND ROI_as_on_reporting_date > '20%'
AND ROI_as_on_reporting_date <= '30%'
AND Report_Date IN ({{report_dates}});",monthly
,Schedule V,Interest Rate Structure,2-Non Housing Loan to Individuals 1.1-Upto 5%,R1475,C270,Fixed rate- No. of accounts,Mart,Part-5,Part-5,Outstanding_mart,"Select count(Loan_number_new) where
1- Customer_type = 'INDIVIDUAL'
2- nhb_Product = 'Other Loan'
3- ROI_Type = 'Fixed'
4- ROI_as_on_reporting_date <= 5%","SELECT count(Loan_number_new)
FROM  DISHA_MART_ANALYTICS.REGULATORY_MART.OUTSTANDING_MART
WHERE Customer_type = 'INDIVIDUAL'
AND nhb_Product = 'OTHER LOAN'
AND ROI_Type = 'FIXED'
AND ROI_as_on_reporting_date <= '5%'
AND Report_Date IN ({{report_dates}});",monthly
,Schedule V,Interest Rate Structure,2-Non Housing Loan to Individuals 1.2-Above 5% to 10%,R1476,C270,Fixed rate- No. of accounts,Mart,Part-5,Part-5,Outstanding_mart,"Select count(Loan_number_new) where
1- Customer_type = 'INDIVIDUAL'
2- nhb_Product = 'Other Loan'
3- ROI_Type = 'Fixed'
4- ROI_as_on_reporting_date > 5% and <= 10%","SELECT  count(Loan_number_new)
FROM  DISHA_MART_ANALYTICS.REGULATORY_MART.OUTSTANDING_MART
WHERE Customer_type = 'INDIVIDUAL'
AND nhb_Product = 'OTHER LOAN'
AND ROI_Type = 'FIXED'
AND ROI_as_on_reporting_date > '5%'
AND ROI_as_on_reporting_date <= '10%'
AND Report_Date IN ({{report_dates}});",monthly
,Schedule V,Interest Rate Structure,2-Non Housing Loan to Individuals 1.3-Above 10% to 15%,R1477,C270,Fixed rate- No. of accounts,Mart,Part-5,Part-5,Outstanding_mart,"Select count(Loan_number_new) where
1- Customer_type = 'INDIVIDUAL'
2- nhb_Product = 'Other Loan'
3- ROI_Type = 'Fixed'
4- ROI_as_on_reporting_date > 10% and <= 15%","SELECT count(Loan_number_new)
FROM  DISHA_MART_ANALYTICS.REGULATORY_MART.OUTSTANDING_MART
WHERE Customer_type = 'INDIVIDUAL'
AND nhb_Product = 'OTHER LOAN'
AND ROI_Type = 'FIXED'
AND ROI_as_on_reporting_date > '10%'
AND ROI_as_on_reporting_date <= '15%'
AND Report_Date IN ({{report_dates}});",monthly
,Schedule V,Interest Rate Structure,2- Non Housing Loan to Individuals 1.4-Above 15% to 20%,R1478,C270,Fixed rate- No. of accounts,Mart,Part-5,Part-5,Outstanding_mart,"Select count(Loan_number_new) where
1- Customer_type = 'INDIVIDUAL'
2- nhb_Product = 'Other Loan'
3- ROI_Type = 'Fixed'
4- ROI_as_on_reporting_date > 15% and  <= 20%","SELECT  count(Loan_number_new)
FROM  DISHA_MART_ANALYTICS.REGULATORY_MART.OUTSTANDING_MART
WHERE Customer_type = 'INDIVIDUAL'
AND nhb_Product = 'OTHER LOAN'
AND ROI_Type = 'FIXED'
AND ROI_as_on_reporting_date > '15%'
AND ROI_as_on_reporting_date <= '20%'
AND Report_Date IN ({{report_dates}});",monthly
,Schedule V,Interest Rate Structure,2 - Non Housing Loan to Individuals 1.5-Above 20% to 30%,R1479,C270,Fixed rate- No. of accounts,Mart,Part-5,Part-5,Outstanding_mart,"Select count(Loan_number_new) where
1- Customer_type = 'INDIVIDUAL'
2- nhb_Product = 'Other Loan'
3- ROI_Type = 'Fixed'
4- ROI_as_on_reporting_date > 20% and <= 30%","SELECT  sum(HL_POS)
FROM  DISHA_MART_ANALYTICS.REGULATORY_MART.OUTSTANDING_MART
WHERE Customer_type = 'INDIVIDUAL'
AND nhb_Product <> 'OTHER LOAN'
AND ROI_Type = 'FIXED'
AND ROI_as_on_reporting_date > '20%'
AND ROI_as_on_reporting_date <= '30%'
AND Report_Date IN ({{report_dates}});",monthly
,Schedule V,Interest Rate Structure,2- Non Housing Loan to Individuals 1.6-Above 30%,R1480,C270,Fixed rate- No. of accounts,Mart,Part-5,Part-5,Outstanding_mart,"Select count(Loan_number_new) where
1- Customer_type = 'INDIVIDUAL'
2- nhb_Product = 'Other Loan'
3- ROI_Type = 'Fixed'
4- ROI_as_on_reporting_date > 30%","SELECT count(Loan_number_new)
FROM  DISHA_MART_ANALYTICS.REGULATORY_MART.OUTSTANDING_MART
WHERE Customer_type = 'INDIVIDUAL'
AND nhb_Product = 'OTHER LOAN'
AND ROI_Type = 'FIXED'
AND ROI_as_on_reporting_date > '30%'
AND Report_Date IN ({{report_dates}});",monthly
,Schedule V,Interest Rate Structure,2-Non Housing Loan to Individuals 1.1-Upto 5%,R1475,C271,Fixed rate- Outstanding amount,Mart,Part-5,Part-5,Outstanding_mart,"Select sum(NHL_POS) where
1- Customer_type = 'INDIVIDUAL'
2- nhb_Product = 'Other Loan'
3- ROI_Type = 'Fixed'
4- ROI_as_on_reporting_date <= 5%","SELECT sum(NHL_POS)
FROM  DISHA_MART_ANALYTICS.REGULATORY_MART.OUTSTANDING_MART
WHERE Customer_type = 'INDIVIDUAL'
AND nhb_Product = 'OTHER LOAN'
AND ROI_Type = 'FIXED'
AND ROI_as_on_reporting_date <= '5%'
AND Report_Date IN ({{report_dates}});",monthly
,Schedule V,Interest Rate Structure,2-Non Housing Loan to Individuals 1.2-Above 5% to 10%,R1476,C271,Fixed rate- Outstanding amount,Mart,Part-5,Part-5,Outstanding_mart,"Select sum(NHL_POS) where
1- Customer_type = 'INDIVIDUAL'
2- nhb_Product = 'Other Loan'
3- ROI_Type = 'Fixed'
4- ROI_as_on_reporting_date > 5% and <= 10%","SELECT sum(NHL_POS)
FROM  DISHA_MART_ANALYTICS.REGULATORY_MART.OUTSTANDING_MART
WHERE Customer_type = 'INDIVIDUAL'
AND nhb_Product = 'OTHER LOAN'
AND ROI_Type = 'FIXED'
AND ROI_as_on_reporting_date > '5%'
AND ROI_as_on_reporting_date <= '10%'
AND Report_Date IN ({{report_dates}});",monthly
,Schedule V,Interest Rate Structure,2-Non Housing Loan to Individuals 1.3-Above 10% to 15%,R1477,C271,Fixed rate- Outstanding amount,Mart,Part-5,Part-5,Outstanding_mart,"Select sum(NHL_POS) where
1- Customer_type = 'INDIVIDUAL'
2- nhb_Product = 'Other Loan'
3- ROI_Type = 'Fixed'
4- ROI_as_on_reporting_date > 10% and <= 15%","SELECT sum(NHL_POS)
FROM  DISHA_MART_ANALYTICS.REGULATORY_MART.OUTSTANDING_MART
WHERE Customer_type = 'INDIVIDUAL'
AND nhb_Product = 'OTHER LOAN'
AND ROI_Type = 'FIXED'
AND ROI_as_on_reporting_date > '10%'
AND ROI_as_on_reporting_date <= '15%'
AND Report_Date IN ({{report_dates}});",monthly
,Schedule V,Interest Rate Structure,2- Non Housing Loan to Individuals 1.4-Above 15% to 20%,R1478,C271,Fixed rate- Outstanding amount,Mart,Part-5,Part-5,Outstanding_mart,"Select sum(NHL_POS) where
1- Customer_type = 'INDIVIDUAL'
2- nhb_Product = 'Other Loan'
3- ROI_Type = 'Fixed'
4- ROI_as_on_reporting_date > 15% and  <= 20%","SELECT sum(NHL_POS)
FROM  DISHA_MART_ANALYTICS.REGULATORY_MART.OUTSTANDING_MART
WHERE Customer_type = 'INDIVIDUAL'
AND nhb_Product = 'OTHER LOAN'
AND ROI_Type = 'FIXED'
AND ROI_as_on_reporting_date > '15%'
AND ROI_as_on_reporting_date <= '20%'
AND Report_Date IN ({{report_dates}});",monthly
,Schedule V,Interest Rate Structure,2 - Non Housing Loan to Individuals 1.5-Above 20% to 30%,R1479,C271,Fixed rate- Outstanding amount,Mart,Part-5,Part-5,Outstanding_mart,"Select sum(NHL_POS) where
1- Customer_type = 'INDIVIDUAL'
2- nhb_Product = 'Other Loan'
3- ROI_Type = 'Fixed'
4- ROI_as_on_reporting_date > 20% and <= 30%","SELECT  sum(NHL_POS)
FROM  DISHA_MART_ANALYTICS.REGULATORY_MART.OUTSTANDING_MART
WHERE Customer_type = 'INDIVIDUAL'
AND nhb_Product  = 'OTHER LOAN'
AND ROI_Type = 'FIXED'
AND ROI_as_on_reporting_date > '20%'
AND ROI_as_on_reporting_date <= '30%'
AND Report_Date IN ({{report_dates}});",monthly
,Schedule V,Interest Rate Structure,2- Non Housing Loan to Individuals 1.6-Above 30%,R1480,C271,Fixed rate- Outstanding amount,Mart,Part-5,Part-5,Outstanding_mart,"Select sum(NHL_POS) where
1- Customer_type = 'INDIVIDUAL'
2- nhb_Product = 'Other Loan'
3- ROI_Type = 'Fixed'
4- ROI_as_on_reporting_date > 30%","SELECT sum(NHL_POS)
FROM  DISHA_MART_ANALYTICS.REGULATORY_MART.OUTSTANDING_MART
WHERE Customer_type = 'INDIVIDUAL'
AND nhb_Product = 'OTHER LOAN'
AND ROI_Type = 'FIXED'
AND ROI_as_on_reporting_date > '30%'
AND Report_Date IN ({{report_dates}});",monthly
,Schedule V,Interest Rate Structure,2-Non Housing Loan to Individuals 1.1-Upto 5%,R1475,C272,Floating rate- No. of accounts,Mart,Part-5,Part-5,Outstanding_mart,"Select count(Loan_number_new) where
1- Customer_type = 'INDIVIDUAL'
2- nhb_Product = 'Other Loan'
3- ROI_Type = 'Floating'
4- ROI_as_on_reporting_date <= 5%","SELECT count(Loan_number_new)
FROM  DISHA_MART_ANALYTICS.REGULATORY_MART.OUTSTANDING_MART
WHERE Customer_type = 'INDIVIDUAL'
AND nhb_Product = 'OTHER LOAN'
AND ROI_Type = 'FLOATING'
AND ROI_as_on_reporting_date <= '5%'
AND Report_Date IN ({{report_dates}});",monthly
,Schedule V,Interest Rate Structure,2-Non Housing Loan to Individuals 1.2-Above 5% to 10%,R1476,C272,Floating rate- No. of accounts,Mart,Part-5,Part-5,Outstanding_mart,"Select count(Loan_number_new) where
1- Customer_type = 'INDIVIDUAL'
2- nhb_Product <> 'Other Loan'
3- ROI_Type = 'Floating'
4- ROI_as_on_reporting_date > 5% and <= 10%","SELECT count(Loan_number_new)
FROM  DISHA_MART_ANALYTICS.REGULATORY_MART.OUTSTANDING_MART
WHERE Customer_type = 'INDIVIDUAL'
AND nhb_Product = 'OTHER LOAN'
AND ROI_Type = 'FLOATING'
AND ROI_as_on_reporting_date > '5%'
AND ROI_as_on_reporting_date <= '10%'
AND Report_Date IN ({{report_dates}});",monthly
,Schedule V,Interest Rate Structure,2-Non Housing Loan to Individuals 1.3-Above 10% to 15%,R1477,C272,Floating rate- No. of accounts,Mart,Part-5,Part-5,Outstanding_mart,"Select count(Loan_number_new) where
1- Customer_type = 'INDIVIDUAL'
2- nhb_Product = 'Other Loan'
3- ROI_Type = 'Floating'
4- ROI_as_on_reporting_date > 10% and <= 15%","SELECT count(Loan_number_new)
FROM  DISHA_MART_ANALYTICS.REGULATORY_MART.OUTSTANDING_MART
WHERE Customer_type = 'INDIVIDUAL'
AND nhb_Product = 'OTHER LOAN'
AND ROI_Type = 'FLOATING'
AND ROI_as_on_reporting_date > '10%'
AND ROI_as_on_reporting_date <= '15%'
AND Report_Date IN ({{report_dates}});",monthly
,Schedule V,Interest Rate Structure,2- Non Housing Loan to Individuals 1.4-Above 15% to 20%,R1478,C272,Floating rate- No. of accounts,Mart,Part-5,Part-5,Outstanding_mart,"Select count(Loan_number_new) where
1- Customer_type = 'INDIVIDUAL'
2- nhb_Product = 'Other Loan'
3- ROI_Type = 'Floating'
4- ROI_as_on_reporting_date > 15% and  <= 20%","SELECT count(Loan_number_new)
FROM  DISHA_MART_ANALYTICS.REGULATORY_MART.OUTSTANDING_MART
WHERE Customer_type = 'INDIVIDUAL'
AND nhb_Product = 'OTHER LOAN'
AND ROI_Type = 'FLOATING'
AND ROI_as_on_reporting_date > '15%'
AND ROI_as_on_reporting_date <= '20%'
AND Report_Date IN ({{report_dates}});",monthly
,Schedule V,Interest Rate Structure,2 - Non Housing Loan to Individuals 1.5-Above 20% to 30%,R1479,C272,Floating rate- No. of accounts,Mart,Part-5,Part-5,Outstanding_mart,"Select count(Loan_number_new) where
1- Customer_type = 'INDIVIDUAL'
2- nhb_Product = 'Other Loan'
3- ROI_Type = 'Floating'
4- ROI_as_on_reporting_date > 20% and <= 30%","SELECT count(Loan_number_new)
FROM  DISHA_MART_ANALYTICS.REGULATORY_MART.OUTSTANDING_MART
WHERE Customer_type = 'INDIVIDUAL'
AND nhb_Product = 'OTHER LOAN'
AND ROI_Type = 'FLOATING'
AND ROI_as_on_reporting_date > '20%'
AND ROI_as_on_reporting_date <= '30%'
AND Report_Date IN ({{report_dates}});",monthly
,Schedule V,Interest Rate Structure,2- Non Housing Loan to Individuals 1.6-Above 30%,R1480,C272,Floating rate- No. of accounts,Mart,Part-5,Part-5,Outstanding_mart,"Select count(Loan_number_new) where
1- Customer_type = 'INDIVIDUAL'
2- nhb_Product = 'Other Loan'
3- ROI_Type = 'Floating'
4- ROI_as_on_reporting_date > 30%","SELECT count(Loan_number_new)
FROM  DISHA_MART_ANALYTICS.REGULATORY_MART.OUTSTANDING_MART
WHERE Customer_type = 'INDIVIDUAL'
AND nhb_Product = 'OTHER LOAN'
AND ROI_Type = 'FLOATING'
AND ROI_as_on_reporting_date > '30%'
AND Report_Date IN ({{report_dates}});",monthly
,Schedule V,Interest Rate Structure,2-Non Housing Loan to Individuals 1.1-Upto 5%,R1475,C273,Floating rate- Outstanding amount,Mart,Part-5,Part-5,Outstanding_mart,"Select sum(NHL_POS) where
1- Customer_type = 'INDIVIDUAL'
2- nhb_Product = 'Other Loan'
3- ROI_Type = 'Fixed'
4- ROI_as_on_reporting_date <= 5%","SELECT sum(NHL_POS)
FROM  DISHA_MART_ANALYTICS.REGULATORY_MART.OUTSTANDING_MART
WHERE Customer_type = 'INDIVIDUAL'
AND nhb_Product = 'OTHER LOAN'
AND ROI_Type = 'FIXED'
AND ROI_as_on_reporting_date <= '5%'
AND Report_Date IN ({{report_dates}});",monthly
,Schedule V,Interest Rate Structure,2-Non Housing Loan to Individuals 1.2-Above 5% to 10%,R1476,C273,Floating rate- Outstanding amount,Mart,Part-5,Part-5,Outstanding_mart,"Select sum(NHL_POS) where
1- Customer_type = 'INDIVIDUAL'
2- nhb_Product = 'Other Loan'
3- ROI_Type = 'Floating'
4- ROI_as_on_reporting_date > 5% and <= 10%","SELECT sum(NHL_POS)
FROM  DISHA_MART_ANALYTICS.REGULATORY_MART.OUTSTANDING_MART
WHERE Customer_type = 'INDIVIDUAL'
AND nhb_Product = 'OTHER LOAN'
AND ROI_Type = 'FLOATING'
AND ROI_as_on_reporting_date > '5%'
AND ROI_as_on_reporting_date <= '10%'
AND Report_Date IN ({{report_dates}});",monthly
,Schedule V,Interest Rate Structure,2-Non Housing Loan to Individuals 1.3-Above 10% to 15%,R1477,C273,Floating rate- Outstanding amount,Mart,Part-5,Part-5,Outstanding_mart,"Select sum(NHL_POS) where
1- Customer_type = 'INDIVIDUAL'
2- nhb_Product = 'Other Loan'
3- ROI_Type = 'Floating'
4- ROI_as_on_reporting_date > 10% and <= 15%","SELECT sum(NHL_POS)
FROM  DISHA_MART_ANALYTICS.REGULATORY_MART.OUTSTANDING_MART
WHERE Customer_type = 'INDIVIDUAL'
AND nhb_Product = 'OTHER LOAN'
AND ROI_Type = 'FLOATING'
AND ROI_as_on_reporting_date > '10%'
AND ROI_as_on_reporting_date <= '15%'
AND Report_Date IN ({{report_dates}});",monthly
,Schedule V,Interest Rate Structure,2- Non Housing Loan to Individuals 1.4-Above 15% to 20%,R1478,C273,Floating rate- Outstanding amount,Mart,Part-5,Part-5,Outstanding_mart,"Select sum(NHL_POS) where
1- Customer_type = 'INDIVIDUAL'
2- nhb_Product = 'Other Loan'
3- ROI_Type = 'Floating'
4- ROI_as_on_reporting_date > 15% and  <= 20%","SELECT sum(NHL_POS)
FROM  DISHA_MART_ANALYTICS.REGULATORY_MART.OUTSTANDING_MART
WHERE Customer_type = 'INDIVIDUAL'
AND nhb_Product = 'OTHER LOAN'
AND ROI_Type = 'FLOATING'
AND ROI_as_on_reporting_date > '15%'
AND ROI_as_on_reporting_date <= '20%'
AND Report_Date IN ({{report_dates}});",monthly
,Schedule V,Interest Rate Structure,2 - Non Housing Loan to Individuals 1.5-Above 20% to 30%,R1479,C273,Floating rate- Outstanding amount,Mart,Part-5,Part-5,Outstanding_mart,"Select sum(NHL_POS) where
1- Customer_type = 'INDIVIDUAL'
2- nhb_Product = 'Other Loan'
3- ROI_Type = 'Floating'
4- ROI_as_on_reporting_date > 20% and <= 30%","SELECT  sum(NHL_POS)
FROM  DISHA_MART_ANALYTICS.REGULATORY_MART.OUTSTANDING_MART
WHERE Customer_type = 'INDIVIDUAL'
AND nhb_Product  = 'OTHER LOAN'
AND ROI_Type = 'FLOATING'
AND ROI_as_on_reporting_date > '20%'
AND ROI_as_on_reporting_date <= '30%'
AND Report_Date IN ({{report_dates}});",monthly
,Schedule V,Interest Rate Structure,3.1-Upto 10% 1-Housing Loan to builders/corporate etc.,R1482,C270,Fixed rate- No. of accounts,Mart,Part-5,Part-5,Outstanding_mart,"Select count(Loan_number_new) where
1- Customer_type = 'CORPORATE'
2- nhb_Product <> 'Other Loan'
3- ROI_Type = 'Fixed'
4- ROI_as_on_reporting_date <= 10%","SELECT count(Loan_number_new)
FROM  DISHA_MART_ANALYTICS.REGULATORY_MART.OUTSTANDING_MART
WHERE Customer_type = 'CORPORATE'
AND nhb_Product <> 'OTHER LOAN'
AND ROI_Type = 'FIXED'
AND ROI_as_on_reporting_date <= '10%'
AND Report_Date IN ({{report_dates}});",monthly
,Schedule V,Interest Rate Structure,3.2-Above 10% to 15% 1-Housing Loan to builders/corporate etc.,R1483,C270,Fixed rate- No. of accounts,Mart,Part-5,Part-5,Outstanding_mart,"Select count(Loan_number_new) where
1- Customer_type = 'CORPORATE'
2- nhb_Product <> 'Other Loan'
3- ROI_Type = 'Fixed'
4- ROI_as_on_reporting_date > 10% and <= 15%","SELECT count(Loan_number_new)
FROM  DISHA_MART_ANALYTICS.REGULATORY_MART.OUTSTANDING_MART
WHERE Customer_type = 'CORPORATE'
AND nhb_Product <> 'OTHER LOAN'
AND ROI_Type = 'FIXED'
AND ROI_as_on_reporting_date > '10%'
AND ROI_as_on_reporting_date <= '15%'
AND Report_Date IN ({{report_dates}});",monthly
,Schedule V,Interest Rate Structure,3.3-Above 15% to 20% 1-Housing Loan to builders/corporate etc.,R1484,C270,Fixed rate- No. of accounts,Mart,Part-5,Part-5,Outstanding_mart,"Select count(Loan_number_new) where
1- Customer_type = 'CORPORATE'
2- nhb_Product <> 'Other Loan'
3- ROI_Type = 'Fixed'
4- ROI_as_on_reporting_date > 15% and <= 20%","SELECT count(Loan_number_new)
FROM  DISHA_MART_ANALYTICS.REGULATORY_MART.OUTSTANDING_MART
WHERE Customer_type = 'CORPORATE'
AND nhb_Product <> 'OTHER LOAN'
AND ROI_Type = 'FLOATING'
AND ROI_as_on_reporting_date > '15%'
AND ROI_as_on_reporting_date <= '20%'
AND Report_Date IN ({{report_dates}});",monthly
,Schedule V,Interest Rate Structure,3.4-Above 20% to 30% 1-Housing Loan to builders/corporate etc.,R1485,C270,Fixed rate- No. of accounts,Mart,Part-5,Part-5,Outstanding_mart,"Select count(Loan_number_new) where
1- Customer_type = 'CORPORATE'
2- nhb_Product <> 'Other Loan'
3- ROI_Type = 'Fixed'
4- ROI_as_on_reporting_date > 20% and <= 30%","SELECT count(Loan_number_new)
FROM  DISHA_MART_ANALYTICS.REGULATORY_MART.OUTSTANDING_MART
WHERE Customer_type = 'CORPORATE'
AND nhb_Product <> 'OTHER LOAN'
AND ROI_Type = 'FIXED'
AND ROI_as_on_reporting_date > '20%'
AND ROI_as_on_reporting_date <= '30%'
AND Report_Date IN ({{report_dates}});",monthly
,Schedule V,Interest Rate Structure,3.5-Above 30% 1-Housing Loan to builders/corporate etc.,R1486,C270,Fixed rate- No. of accounts,Mart,Part-5,Part-5,Outstanding_mart,"Select count(Loan_number_new) where
1- Customer_type = 'CORPORATE'
2- nhb_Product <> 'Other Loan'
3- ROI_Type = 'Fixed'
4- ROI_as_on_reporting_date > 30%","SELECT count(Loan_number_new)
FROM  DISHA_MART_ANALYTICS.REGULATORY_MART.OUTSTANDING_MART
WHERE Customer_type = 'CORPORATE'
AND nhb_Product <> 'OTHER LOAN'
AND ROI_Type = 'FIXED'
AND ROI_as_on_reporting_date > '30%'
AND Report_Date IN ({{report_dates}});",monthly
,Schedule V,Interest Rate Structure,3.1-Upto 10% 1-Housing Loan to builders/corporate etc.,R1482,C271,Fixed rate- Outstanding amount,Mart,Part-5,Part-5,Outstanding_mart,"Select sum(HL_POS) where
1- Customer_type = 'CORPORATE'
2- nhb_Product <> 'Other Loan'
3- ROI_Type = 'Fixed'
4- ROI_as_on_reporting_date <= 10%","SELECT sum(HL_POS)
FROM  DISHA_MART_ANALYTICS.REGULATORY_MART.OUTSTANDING_MART
WHERE Customer_type = 'CORPORATE'
AND nhb_Product <> 'OTHER LOAN'
AND ROI_Type = 'FIXED'
AND ROI_as_on_reporting_date <= '10%'
AND Report_Date IN ({{report_dates}});",monthly
,Schedule V,Interest Rate Structure,3.2-Above 10% to 15% 1-Housing Loan to builders/corporate etc.,R1483,C271,Fixed rate- Outstanding amount,Mart,Part-5,Part-5,Outstanding_mart,"Select sum(HL_POS) where
1- Customer_type = 'CORPORATE'
2- nhb_Product <> 'Other Loan'
3- ROI_Type = 'Fixed'
4- ROI_as_on_reporting_date > 10% and <= 15%","SELECT  sum(HL_POS)
FROM  DISHA_MART_ANALYTICS.REGULATORY_MART.OUTSTANDING_MART
WHERE Customer_type = 'CORPORATE'
AND nhb_Product <> 'OTHER LOAN'
AND ROI_Type = 'FIXED'
AND ROI_as_on_reporting_date > '10%'
AND ROI_as_on_reporting_date <= '15%'
AND Report_Date IN ({{report_dates}});",monthly
,Schedule V,Interest Rate Structure,3.3-Above 15% to 20% 1-Housing Loan to builders/corporate etc.,R1484,C271,Fixed rate- Outstanding amount,Mart,Part-5,Part-5,Outstanding_mart,"Select sum(HL_POS) where
1- Customer_type = 'CORPORATE'
2- nhb_Product <> 'Other Loan'
3- ROI_Type = 'Fixed'
4- ROI_as_on_reporting_date > 15% and <= 20%","SELECT count(Loan_number_new)
FROM  DISHA_MART_ANALYTICS.REGULATORY_MART.OUTSTANDING_MART
WHERE Customer_type = 'CORPORATE'
AND nhb_Product <> 'OTHER LOAN'
AND ROI_Type = 'FLOATING'
AND ROI_as_on_reporting_date > '15%'
AND ROI_as_on_reporting_date <= '20%'
AND Report_Date IN ({{report_dates}});",monthly
,Schedule V,Interest Rate Structure,3.4-Above 20% to 30% 1-Housing Loan to builders/corporate etc.,R1485,C271,Fixed rate- Outstanding amount,Mart,Part-5,Part-5,Outstanding_mart,"Select sum(HL_POS) where
1- Customer_type = 'CORPORATE'
2- nhb_Product <> 'Other Loan'
3- ROI_Type = 'Fixed'
4- ROI_as_on_reporting_date > 20% and <= 30%","SELECT  sum(HL_POS)
FROM  DISHA_MART_ANALYTICS.REGULATORY_MART.OUTSTANDING_MART
WHERE Customer_type = 'CORPORATE'
AND nhb_Product <> 'OTHER LOAN'
AND ROI_Type = 'FIXED'
AND ROI_as_on_reporting_date > '20%'
AND ROI_as_on_reporting_date <= '30%'
AND Report_Date IN ({{report_dates}});",monthly
,Schedule V,Interest Rate Structure,3.5-Above 30% 1-Housing Loan to builders/corporate etc.,R1486,C271,Fixed rate- Outstanding amount,Mart,Part-5,Part-5,Outstanding_mart,"Select sum(HL_POS) where
1- Customer_type = 'CORPORATE'
2- nhb_Product <> 'Other Loan'
3- ROI_Type = 'Fixed'
4- ROI_as_on_reporting_date > 30%","SELECT sum(HL_POS)
FROM  DISHA_MART_ANALYTICS.REGULATORY_MART.OUTSTANDING_MART
WHERE Customer_type = 'CORPORATE'
AND nhb_Product <> 'OTHER LOAN'
AND ROI_Type = 'FIXED'
AND ROI_as_on_reporting_date > '30%'
AND Report_Date IN ({{report_dates}});",monthly
,Schedule V,Interest Rate Structure,3.1-Upto 10% 1-Housing Loan to builders/corporate etc.,R1482,C272,Floating rate- No. of accounts,Mart,Part-5,Part-5,Outstanding_mart,"Select count(Loan_number_new) where
1- Customer_type = 'CORPORATE'
2- nhb_Product <> 'Other Loan'
3- ROI_Type = 'Floating'
4- ROI_as_on_reporting_date <= 10%","SELECT count(Loan_number_new)
FROM  DISHA_MART_ANALYTICS.REGULATORY_MART.OUTSTANDING_MART
WHERE Customer_type = 'CORPORATE'
AND nhb_Product <> 'OTHER LOAN'
AND ROI_Type = 'FLOATING'
AND ROI_as_on_reporting_date <= '10%'
AND Report_Date IN ({{report_dates}});",monthly
,Schedule V,Interest Rate Structure,3.2-Above 10% to 15% 1-Housing Loan to builders/corporate etc.,R1483,C272,Floating rate- No. of accounts,Mart,Part-5,Part-5,Outstanding_mart,"Select count(Loan_number_new) where
1- Customer_type = 'CORPORATE'
2- nhb_Product <> 'Other Loan'
3- ROI_Type = 'Floating'
4- ROI_as_on_reporting_date > 10% and <= 15%","SELECT count(Loan_number_new)
FROM  DISHA_MART_ANALYTICS.REGULATORY_MART.OUTSTANDING_MART
WHERE Customer_type = 'CORPORATE'
AND nhb_Product <> 'OTHER LOAN'
AND ROI_Type = 'FLOATING'
AND ROI_as_on_reporting_date > '10%'
AND ROI_as_on_reporting_date <= '15%'
AND Report_Date IN ({{report_dates}});",monthly
,Schedule V,Interest Rate Structure,3.3-Above 15% to 20% 1-Housing Loan to builders/corporate etc.,R1484,C272,Floating rate- No. of accounts,Mart,Part-5,Part-5,Outstanding_mart,"Select count(Loan_number_new) where
1- Customer_type = 'CORPORATE'
2- nhb_Product <> 'Other Loan'
3- ROI_Type = 'Floating'
4- ROI_as_on_reporting_date > 15% and <= 20%","SELECT count(Loan_number_new)
FROM  DISHA_MART_ANALYTICS.REGULATORY_MART.OUTSTANDING_MART
WHERE Customer_type = 'CORPORATE'
AND nhb_Product <> 'OTHER LOAN'
AND ROI_Type = 'FLOATING'
AND ROI_as_on_reporting_date > '15%'
AND ROI_as_on_reporting_date <= '20%'
AND Report_Date IN ({{report_dates}});",monthly
,Schedule V,Interest Rate Structure,3.4-Above 20% to 30% 1-Housing Loan to builders/corporate etc.,R1485,C272,Floating rate- No. of accounts,Mart,Part-5,Part-5,Outstanding_mart,"Select count(Loan_number_new) where
1- Customer_type = 'CORPORATE'
2- nhb_Product <> 'Other Loan'
3- ROI_Type = 'Floating'
4- ROI_as_on_reporting_date > 20% and <= 30%","SELECT count(Loan_number_new)
FROM  DISHA_MART_ANALYTICS.REGULATORY_MART.OUTSTANDING_MART
WHERE Customer_type = 'CORPORATE'
AND nhb_Product <> 'OTHER LOAN'
AND ROI_Type = 'FLOATING'
AND ROI_as_on_reporting_date > '20%'
AND ROI_as_on_reporting_date <= '30%'
AND Report_Date IN ({{report_dates}});",monthly
,Schedule V,Interest Rate Structure,3.5-Above 30% 1-Housing Loan to builders/corporate etc.,R1486,C272,Floating rate- No. of accounts,Mart,Part-5,Part-5,Outstanding_mart,"Select count(Loan_number_new) where
1- Customer_type = 'CORPORATE'
2- nhb_Product <> 'Other Loan'
3- ROI_Type = 'Floating'
4- ROI_as_on_reporting_date > 30%","SELECT count(Loan_number_new)
FROM  DISHA_MART_ANALYTICS.REGULATORY_MART.OUTSTANDING_MART
WHERE Customer_type = 'CORPORATE'
AND nhb_Product <> 'OTHER LOAN'
AND ROI_Type = 'FLOATING'
AND ROI_as_on_reporting_date > '30%'
AND Report_Date IN ({{report_dates}});",monthly
,Schedule V,Interest Rate Structure,3.1-Upto 10% 1-Housing Loan to builders/corporate etc.,R1482,C273,Floating rate- Outstanding amount,Mart,Part-5,Part-5,Outstanding_mart,"Select sum(HL_POS) where
1- Customer_type = 'CORPORATE'
2- nhb_Product <> 'Other Loan'
3- ROI_Type = 'Floating'
4- ROI_as_on_reporting_date <= 10%","SELECT sum(HL_POS)
FROM  DISHA_MART_ANALYTICS.REGULATORY_MART.OUTSTANDING_MART
WHERE Customer_type = 'CORPORATE'
AND nhb_Product <> 'OTHER LOAN'
AND ROI_Type = 'FLOATING'
AND ROI_as_on_reporting_date <= '10%'
AND Report_Date IN ({{report_dates}});",monthly
,Schedule V,Interest Rate Structure,3.2-Above 10% to 15% 1-Housing Loan to builders/corporate etc.,R1483,C273,Floating rate- Outstanding amount,Mart,Part-5,Part-5,Outstanding_mart,"Select sum(HL_POS) where
1- Customer_type = 'CORPORATE'
2- nhb_Product <> 'Other Loan'
3- ROI_Type = 'Floating'
4- ROI_as_on_reporting_date > 10% and <= 15%","SELECT  sum(HL_POS)
FROM  DISHA_MART_ANALYTICS.REGULATORY_MART.OUTSTANDING_MART
WHERE Customer_type = 'CORPORATE'
AND nhb_Product <> 'OTHER LOAN'
AND ROI_Type = 'FLOATING'
AND ROI_as_on_reporting_date > '10%'
AND ROI_as_on_reporting_date <= '15%'
AND Report_Date IN ({{report_dates}});",monthly
,Schedule V,Interest Rate Structure,3.3-Above 15% to 20% 1-Housing Loan to builders/corporate etc.,R1484,C273,Floating rate- Outstanding amount,Mart,Part-5,Part-5,Outstanding_mart,"Select sum(HL_POS) where
1- Customer_type = 'CORPORATE'
2- nhb_Product <> 'Other Loan'
3- ROI_Type = 'Floating'
4- ROI_as_on_reporting_date > 15% and <= 20%","SELECT count(Loan_number_new)
FROM  DISHA_MART_ANALYTICS.REGULATORY_MART.OUTSTANDING_MART
WHERE Customer_type = 'CORPORATE'
AND nhb_Product <> 'OTHER LOAN'
AND ROI_Type = 'FLOATING'
AND ROI_as_on_reporting_date > '15%'
AND ROI_as_on_reporting_date <= '20%'
AND Report_Date IN ({{report_dates}});",monthly
,Schedule V,Interest Rate Structure,3.4-Above 20% to 30% 1-Housing Loan to builders/corporate etc.,R1485,C273,Floating rate- Outstanding amount,Mart,Part-5,Part-5,Outstanding_mart,"Select sum(HL_POS) where
1- Customer_type = 'CORPORATE'
2- nhb_Product <> 'Other Loan'
3- ROI_Type = 'Floating'
4- ROI_as_on_reporting_date > 20% and <= 30%","SELECT  sum(HL_POS)
FROM  DISHA_MART_ANALYTICS.REGULATORY_MART.OUTSTANDING_MART
WHERE Customer_type = 'CORPORATE'
AND nhb_Product <> 'OTHER LOAN'
AND ROI_Type = 'FLOATING'
AND ROI_as_on_reporting_date > '20%'
AND ROI_as_on_reporting_date <= '30%'
AND Report_Date IN ({{report_dates}});",monthly
,Schedule V,Interest Rate Structure,3.1-Upto 10% 1-Non-Housing Loan to builders/corporate etc.,R1488,C270,Fixed rate- No. of accounts,Mart,Part-5,Part-5,Outstanding_mart,"Select count(Loan_number_new) where
1- Customer_type = 'CORPORATE'
2- nhb_Product = 'Other Loan'
3- ROI_Type = 'Fixed'
4- ROI_as_on_reporting_date <= 10%","SELECT count(Loan_number_new)
FROM  DISHA_MART_ANALYTICS.REGULATORY_MART.OUTSTANDING_MART
WHERE Customer_type = 'CORPORATE'
AND nhb_Product = 'OTHER LOAN'
AND ROI_Type = 'FIXED'
AND ROI_as_on_reporting_date <= '10%'
AND Report_Date IN ({{report_dates}});",monthly
,Schedule V,Interest Rate Structure,3.2-Above 10% to 15% 1-Non-Housing Loan to builders/corporate etc.,R1489,C270,Fixed rate- No. of accounts,Mart,Part-5,Part-5,Outstanding_mart,"Select count(Loan_number_new) where
1- Customer_type = 'CORPORATE'
2- nhb_Product = 'Other Loan'
3- ROI_Type = 'Fixed'
4- ROI_as_on_reporting_date > 10% and <= 15%","SELECT count(Loan_number_new)
FROM  DISHA_MART_ANALYTICS.REGULATORY_MART.OUTSTANDING_MART
WHERE Customer_type = 'CORPORATE'
AND nhb_Product = 'OTHER LOAN'
AND ROI_Type = 'FIXED'
AND ROI_as_on_reporting_date > '10%'
AND ROI_as_on_reporting_date <= '15%'
AND Report_Date IN ({{report_dates}});",monthly
,Schedule V,Interest Rate Structure,3.3-Above 15% to 20% 1-Non-Housing Loan to builders/corporate etc.,R1490,C270,Fixed rate- No. of accounts,Mart,Part-5,Part-5,Outstanding_mart,"Select count(Loan_number_new) where
1- Customer_type = 'CORPORATE'
2- nhb_Product = 'Other Loan'
3- ROI_Type = 'Fixed'
4- ROI_as_on_reporting_date > 15% and <= 20%","SELECT count(Loan_number_new)
FROM  DISHA_MART_ANALYTICS.REGULATORY_MART.OUTSTANDING_MART
WHERE Customer_type = 'CORPORATE'
AND nhb_Product = 'OTHER LOAN'
AND ROI_Type = 'FLOATING'
AND ROI_as_on_reporting_date > '15%'
AND ROI_as_on_reporting_date <= '20%'
AND Report_Date IN ({{report_dates}});",monthly
,Schedule V,Interest Rate Structure,3.4-Above 20% to 30% 1-Non-Housing Loan to builders/corporate etc.,R1491,C270,Fixed rate- No. of accounts,Mart,Part-5,Part-5,Outstanding_mart,"Select count(Loan_number_new) where
1- Customer_type = 'CORPORATE'
2- nhb_Product = 'Other Loan'
3- ROI_Type = 'Fixed'
4- ROI_as_on_reporting_date > 20% and <= 30%","SELECT count(Loan_number_new)
FROM  DISHA_MART_ANALYTICS.REGULATORY_MART.OUTSTANDING_MART
WHERE Customer_type = 'CORPORATE'
AND nhb_Product = 'OTHER LOAN'
AND ROI_Type = 'FIXED'
AND ROI_as_on_reporting_date > '20%'
AND ROI_as_on_reporting_date <= '30%'
AND Report_Date IN ({{report_dates}});",monthly
,Schedule V,Interest Rate Structure,3.5-Above 30% 1-Non-Housing Loan to builders/corporate etc.,R1492,C270,Fixed rate- No. of accounts,Mart,Part-5,Part-5,Outstanding_mart,"Select count(Loan_number_new) where
1- Customer_type = 'CORPORATE'
2- nhb_Product = 'Other Loan'
3- ROI_Type = 'Fixed'
4- ROI_as_on_reporting_date > 30%","SELECT count(Loan_number_new)
FROM  DISHA_MART_ANALYTICS.REGULATORY_MART.OUTSTANDING_MART
WHERE Customer_type = 'CORPORATE'
AND nhb_Product = 'OTHER LOAN'
AND ROI_Type = 'FIXED'
AND ROI_as_on_reporting_date > '30%'
AND Report_Date IN ({{report_dates}});",monthly
,Schedule V,Interest Rate Structure,3.1-Upto 10% 1-Non-Housing Loan to builders/corporate etc.,R1488,C271,Fixed rate- Outstanding amount,Mart,Part-5,Part-5,Outstanding_mart,"Select sum(HL_POS) where
1- Customer_type = 'CORPORATE'
2- nhb_Product = 'Other Loan'
3- ROI_Type = 'Fixed'
4- ROI_as_on_reporting_date <= 10%","SELECT sum(HL_POS)
FROM  DISHA_MART_ANALYTICS.REGULATORY_MART.OUTSTANDING_MART
WHERE Customer_type = 'CORPORATE'
AND nhb_Product = 'OTHER LOAN'
AND ROI_Type = 'FIXED'
AND ROI_as_on_reporting_date <= '10%'
AND Report_Date IN ({{report_dates}});",monthly
,Schedule V,Interest Rate Structure,3.2-Above 10% to 15% 1-Non-Housing Loan to builders/corporate etc.,R1489,C271,Fixed rate- Outstanding amount,Mart,Part-5,Part-5,Outstanding_mart,"Select sum(HL_POS) where
1- Customer_type = 'CORPORATE'
2- nhb_Product = 'Other Loan'
3- ROI_Type = 'Fixed'
4- ROI_as_on_reporting_date > 10% and <= 15%","SELECT  sum(HL_POS)
FROM  DISHA_MART_ANALYTICS.REGULATORY_MART.OUTSTANDING_MART
WHERE Customer_type = 'CORPORATE'
AND nhb_Product = 'OTHER LOAN'
AND ROI_Type = 'FIXED'
AND ROI_as_on_reporting_date > '10%'
AND ROI_as_on_reporting_date <= '15%'
AND Report_Date IN ({{report_dates}});",monthly
,Schedule V,Interest Rate Structure,3.3-Above 15% to 20% 1-Non-Housing Loan to builders/corporate etc.,R1490,C271,Fixed rate- Outstanding amount,Mart,Part-5,Part-5,Outstanding_mart,"Select sum(HL_POS) where
1- Customer_type = 'CORPORATE'
2- nhb_Product = 'Other Loan'
3- ROI_Type = 'Fixed'
4- ROI_as_on_reporting_date > 15% and <= 20%","SELECT count(Loan_number_new)
FROM  DISHA_MART_ANALYTICS.REGULATORY_MART.OUTSTANDING_MART
WHERE Customer_type = 'CORPORATE'
AND nhb_Product = 'OTHER LOAN'
AND ROI_Type = 'FIXED'
AND ROI_as_on_reporting_date > '15%'
AND ROI_as_on_reporting_date <= '20%'
AND Report_Date IN ({{report_dates}});",monthly
,Schedule V,Interest Rate Structure,3.4-Above 20% to 30% 1-Non-Housing Loan to builders/corporate etc.,R1491,C271,Fixed rate- Outstanding amount,Mart,Part-5,Part-5,Outstanding_mart,"Select sum(HL_POS) where
1- Customer_type = 'CORPORATE'
2- nhb_Product = 'Other Loan'
3- ROI_Type = 'Fixed'
4- ROI_as_on_reporting_date > 20% and <= 30%","SELECT  sum(HL_POS)
FROM  DISHA_MART_ANALYTICS.REGULATORY_MART.OUTSTANDING_MART
WHERE Customer_type = 'CORPORATE'
AND nhb_Product = 'OTHER LOAN'
AND ROI_Type = 'FIXED'
AND ROI_as_on_reporting_date > '20%'
AND ROI_as_on_reporting_date <= '30%'
AND Report_Date IN ({{report_dates}});",monthly
,Schedule V,Interest Rate Structure,3.5-Above 30% 1-Non-Housing Loan to builders/corporate etc.,R1492,C271,Fixed rate- Outstanding amount,Mart,Part-5,Part-5,Outstanding_mart,"Select sum(HL_POS) where
1- Customer_type = 'CORPORATE'
2- nhb_Product = 'Other Loan'
3- ROI_Type = 'Fixed'
4- ROI_as_on_reporting_date > 30%","SELECT sum(HL_POS)
FROM  DISHA_MART_ANALYTICS.REGULATORY_MART.OUTSTANDING_MART
WHERE Customer_type = 'CORPORATE'
AND nhb_Product = 'OTHER LOAN'
AND ROI_Type = 'FIXED'
AND ROI_as_on_reporting_date > '30%'
AND Report_Date IN ({{report_dates}});",monthly
,Schedule V,Interest Rate Structure,3.1-Upto 10% 1-Non-Housing Loan to builders/corporate etc.,R1488,C272,Floating rate- No. of accounts,Mart,Part-5,Part-5,Outstanding_mart,"Select count(Loan_number_new) where
1- Customer_type = 'CORPORATE'
2- nhb_Product = 'Other Loan'
3- ROI_Type = 'Floating'
4- ROI_as_on_reporting_date <= 10%","SELECT count(Loan_number_new)
FROM  DISHA_MART_ANALYTICS.REGULATORY_MART.OUTSTANDING_MART
WHERE Customer_type = 'CORPORATE'
AND nhb_Product = 'OTHER LOAN'
AND ROI_Type = 'FLOATING'
AND ROI_as_on_reporting_date <= '10%'
AND Report_Date IN ({{report_dates}});",monthly
,Schedule V,Interest Rate Structure,3.2-Above 10% to 15% 1-Non-Housing Loan to builders/corporate etc.,R1489,C272,Floating rate- No. of accounts,Mart,Part-5,Part-5,Outstanding_mart,"Select count(Loan_number_new) where
1- Customer_type = 'CORPORATE'
2- nhb_Product = 'Other Loan'
3- ROI_Type = 'Floating'
4- ROI_as_on_reporting_date > 10% and <= 15%","SELECT count(Loan_number_new)
FROM  DISHA_MART_ANALYTICS.REGULATORY_MART.OUTSTANDING_MART
WHERE Customer_type = 'CORPORATE'
AND nhb_Product = 'OTHER LOAN'
AND ROI_Type = 'FLOATING'
AND ROI_as_on_reporting_date > '10%'
AND ROI_as_on_reporting_date <= '15%'
AND Report_Date IN ({{report_dates}});",monthly
,Schedule V,Interest Rate Structure,3.3-Above 15% to 20% 1-Non-Housing Loan to builders/corporate etc.,R1490,C272,Floating rate- No. of accounts,Mart,Part-5,Part-5,Outstanding_mart,"Select count(Loan_number_new) where
1- Customer_type = 'CORPORATE'
2- nhb_Product = 'Other Loan'
3- ROI_Type = 'Floating'
4- ROI_as_on_reporting_date > 15% and <= 20%","SELECT count(Loan_number_new)
FROM  DISHA_MART_ANALYTICS.REGULATORY_MART.OUTSTANDING_MART
WHERE Customer_type = 'CORPORATE'
AND nhb_Product = 'OTHER LOAN'
AND ROI_Type = 'FLOATING'
AND ROI_as_on_reporting_date > '15%'
AND ROI_as_on_reporting_date <= '20%'
AND Report_Date IN ({{report_dates}});",monthly
,Schedule V,Interest Rate Structure,3.4-Above 20% to 30% 1-Non-Housing Loan to builders/corporate etc.,R1491,C272,Floating rate- No. of accounts,Mart,Part-5,Part-5,Outstanding_mart,"Select count(Loan_number_new) where
1- Customer_type = 'CORPORATE'
2- nhb_Product = 'Other Loan'
3- ROI_Type = 'Floating'
4- ROI_as_on_reporting_date > 20% and <= 30%","SELECT count(Loan_number_new)
FROM  DISHA_MART_ANALYTICS.REGULATORY_MART.OUTSTANDING_MART
WHERE Customer_type = 'CORPORATE'
AND nhb_Product = 'OTHER LOAN'
AND ROI_Type = 'FLOATING'
AND ROI_as_on_reporting_date > '20%'
AND ROI_as_on_reporting_date <= '30%'
AND Report_Date IN ({{report_dates}});",monthly
,Schedule V,Interest Rate Structure,3.5-Above 30% 1-Non-Housing Loan to builders/corporate etc.,R1492,C272,Floating rate- No. of accounts,Mart,Part-5,Part-5,Outstanding_mart,"Select count(Loan_number_new) where
1- Customer_type = 'CORPORATE'
2- nhb_Product = 'Other Loan'
3- ROI_Type = 'Floating'
4- ROI_as_on_reporting_date > 30%","SELECT count(Loan_number_new)
FROM  DISHA_MART_ANALYTICS.REGULATORY_MART.OUTSTANDING_MART
WHERE Customer_type = 'CORPORATE'
AND nhb_Product = 'OTHER LOAN'
AND ROI_Type = 'FLOATING'
AND ROI_as_on_reporting_date > '30%'
AND Report_Date IN ({{report_dates}});",monthly
,Schedule V,Interest Rate Structure,3.1-Upto 10% 1-Non-Housing Loan to builders/corporate etc.,R1488,C273,Floating rate- Outstanding amount,Mart,Part-5,Part-5,Outstanding_mart,"Select sum(HL_POS) where
1- Customer_type = 'CORPORATE'
2- nhb_Product = 'Other Loan'
3- ROI_Type = 'Floating'
4- ROI_as_on_reporting_date <= 10%","SELECT sum(HL_POS)
FROM  DISHA_MART_ANALYTICS.REGULATORY_MART.OUTSTANDING_MART
WHERE Customer_type = 'CORPORATE'
AND nhb_Product = 'OTHER LOAN'
AND ROI_Type = 'FLOATING'
AND ROI_as_on_reporting_date <= '10%'
AND Report_Date IN ({{report_dates}});",monthly
,Schedule V,Interest Rate Structure,3.2-Above 10% to 15% 1-Non-Housing Loan to builders/corporate etc.,R1489,C273,Floating rate- Outstanding amount,Mart,Part-5,Part-5,Outstanding_mart,"Select sum(HL_POS) where
1- Customer_type = 'CORPORATE'
2- nhb_Product = 'Other Loan'
3- ROI_Type = 'Floating'
4- ROI_as_on_reporting_date > 10% and <= 15%","SELECT  sum(HL_POS)
FROM  DISHA_MART_ANALYTICS.REGULATORY_MART.OUTSTANDING_MART
WHERE Customer_type = 'CORPORATE'
AND nhb_Product = 'OTHER LOAN'
AND ROI_Type = 'FLOATING'
AND ROI_as_on_reporting_date > '10%'
AND ROI_as_on_reporting_date <= '15%'
AND Report_Date IN ({{report_dates}});",monthly
,Schedule V,Interest Rate Structure,3.3-Above 15% to 20% 1-Non-Housing Loan to builders/corporate etc.,R1490,C273,Floating rate- Outstanding amount,Mart,Part-5,Part-5,Outstanding_mart,"Select sum(HL_POS) where
1- Customer_type = 'CORPORATE'
2- nhb_Product = 'Other Loan'
3- ROI_Type = 'Floating'
4- ROI_as_on_reporting_date > 15% and <= 20%","SELECT sum(HL_POS)
FROM  DISHA_MART_ANALYTICS.REGULATORY_MART.OUTSTANDING_MART
WHERE Customer_type = 'CORPORATE'
AND nhb_Product = 'OTHER LOAN'
AND ROI_Type = 'FLOATING'
AND ROI_as_on_reporting_date > '15%'
AND ROI_as_on_reporting_date <= '20%'
AND Report_Date IN ({{report_dates}});",monthly
,Schedule V,Interest Rate Structure,3.4-Above 20% to 30% 1-Non-Housing Loan to builders/corporate etc.,R1491,C273,Floating rate- Outstanding amount,Mart,Part-5,Part-5,Outstanding_mart,"Select sum(HL_POS) where
1- Customer_type = 'CORPORATE'
2- nhb_Product = 'Other Loan'
3- ROI_Type = 'Floating'
4- ROI_as_on_reporting_date > 20% and <= 30%","SELECT  sum(HL_POS)
FROM  DISHA_MART_ANALYTICS.REGULATORY_MART.OUTSTANDING_MART
WHERE Customer_type = 'CORPORATE'
AND nhb_Product = 'OTHER LOAN'
AND ROI_Type = 'FLOATING'
AND ROI_as_on_reporting_date > '20%'
AND ROI_as_on_reporting_date <= '30%'
AND Report_Date IN ({{report_dates}});",monthly
,Schedule V,Interest Rate Structure,3.5-Above 30% 1-Non-Housing Loan to builders/corporate etc.,R1492,C273,Floating rate- Outstanding amount,Mart,Part-5,Part-5,Outstanding_mart,"Select sum(HL_POS) where
1- Customer_type = 'CORPORATE'
2- nhb_Product = 'Other Loan'
3- ROI_Type = 'Floating'
4- ROI_as_on_reporting_date > 30%","SELECT sum(HL_POS)
FROM  DISHA_MART_ANALYTICS.REGULATORY_MART.OUTSTANDING_MART
WHERE Customer_type = 'CORPORATE'
AND nhb_Product = 'OTHER LOAN'
AND ROI_Type = 'FLOATING'
AND ROI_as_on_reporting_date > '30%'
AND Report_Date IN ({{report_dates}});",monthly
,Schedule V,Loan Securitised,With ARCs,R1378,C222,No. of accounts,manual,Part-2,Part-2A,Loan Securitised,,,monthly
,Schedule V,Loan Securitised,With Banks,R1379,C222,No. of accounts,manual,Part-2,Part-2A,Loan Securitised,,,monthly
,Schedule V,Loan Securitised,With HFCs,R1380,C222,No. of accounts,manual,Part-2,Part-2A,Loan Securitised,,,monthly
,Schedule V,Loan Securitised,With NBFCs (excluding HFCs and ARCs),R1381,C222,No. of accounts,manual,Part-2,Part-2A,Loan Securitised,,,monthly
,Schedule V,Loan Securitised,With other Transferees (please specify),R1382,C222,No. of accounts,manual,Part-2,Part-2A,Loan Securitised,,,monthly
,Schedule V,Loan Securitised,Total,R1383,C222,No. of accounts,manual,Part-2,Part-2A,Loan Securitised,,,monthly
,Schedule V,Loan Securitised,With Banks,R1379,C223,Amount of Loans Securitised,manual,Part-2,Part-2A,Loan Securitised,,,monthly
,Schedule V,Loan Securitised,With HFCs,R1380,C223,Amount of Loans Securitised,manual,Part-2,Part-2A,Loan Securitised,,,monthly
,Schedule V,Loan Securitised,With NBFCs (excluding HFCs and ARCs),R1381,C223,Amount of Loans Securitised,manual,Part-2,Part-2A,Loan Securitised,,,monthly
,Schedule V,Loan Securitised,With other Transferees (please specify),R1382,C223,Amount of Loans Securitised,manual,Part-2,Part-2A,Loan Securitised,,,monthly
,Schedule V,Loan Securitised,Total,R1383,C223,Amount of Loans Securitised,manual,Part-2,Part-2A,Loan Securitised,,,monthly
,Schedule V,Loan Securitised,With ARCs,R1378,C224,Provisions,manual,Part-2,Part-2A,Loan Securitised,,,monthly
,Schedule V,Loan Securitised,With Banks,R1379,C224,Provisions,manual,Part-2,Part-2A,Loan Securitised,,,monthly
,Schedule V,Loan Securitised,With HFCs,R1380,C224,Provisions,manual,Part-2,Part-2A,Loan Securitised,,,monthly
,Schedule V,Loan Securitised,With NBFCs (excluding HFCs and ARCs),R1381,C224,Provisions,manual,Part-2,Part-2A,Loan Securitised,,,monthly
,Schedule V,Loan Securitised,With other Transferees (please specify),R1382,C224,Provisions,manual,Part-2,Part-2A,Loan Securitised,,,monthly
,Schedule V,Loan Securitised,Total,R1383,C224,Provisions,manual,Part-2,Part-2A,Loan Securitised,,,monthly
,Schedule V,Loan Securitised,With ARCs,R1378,C225,"Minimum Retention Requirements (MRR)
%",manual,Part-2,Part-2A,Loan Securitised,,,monthly
,Schedule V,Loan Securitised,With Banks,R1379,C225,"Minimum Retention Requirements (MRR)
%",manual,Part-2,Part-2A,Loan Securitised,,,monthly
,Schedule V,Loan Securitised,With HFCs,R1380,C225,"Minimum Retention Requirements (MRR)
%",manual,Part-2,Part-2A,Loan Securitised,,,monthly
,Schedule V,Loan Securitised,With NBFCs (excluding HFCs and ARCs),R1381,C225,"Minimum Retention Requirements (MRR)
%",manual,Part-2,Part-2A,Loan Securitised,,,monthly
,Schedule V,Loan Securitised,With other Transferees (please specify),R1382,C225,"Minimum Retention Requirements (MRR)
%",manual,Part-2,Part-2A,Loan Securitised,,,monthly
,Schedule V,Loan Securitised,Total,R1383,C225,"Minimum Retention Requirements (MRR)
%",manual,Part-2,Part-2A,Loan Securitised,,,monthly
,Schedule V,Transfer of Loan Exposures,With ARCs,R1384,C227,Aggregate principal outstanding of loans transferred,manual,Part-2,Part-2B,TRANSFER OF LOAN EXPOSURES,,,monthly
,Schedule V,Transfer of Loan Exposures,With Banks,R1385,C227,Aggregate principal outstanding of loans transferred,manual,Part-2,Part-2B,TRANSFER OF LOAN EXPOSURES,,,monthly
,Schedule V,Transfer of Loan Exposures,With HFCs,R1386,C227,Aggregate principal outstanding of loans transferred,manual,Part-2,Part-2B,TRANSFER OF LOAN EXPOSURES,,,monthly
,Schedule V,Transfer of Loan Exposures,With NBFCs (excluding HFCs and ARCs),R1387,C227,Aggregate principal outstanding of loans transferred,manual,Part-2,Part-2B,TRANSFER OF LOAN EXPOSURES,,,monthly
,Schedule V,Transfer of Loan Exposures,With other Transferees (please specify),R1388,C227,Aggregate principal outstanding of loans transferred,manual,Part-2,Part-2B,TRANSFER OF LOAN EXPOSURES,,,monthly
,Schedule V,Transfer of Loan Exposures,Total,R1389,C227,Aggregate principal outstanding of loans transferred,manual,Part-2,Part-2B,TRANSFER OF LOAN EXPOSURES,,,monthly
,Schedule V,Transfer of Loan Exposures,With ARCs,R1384,C228,Net book value of loans transferred (at the time of transfer),manual,Part-2,Part-2B,TRANSFER OF LOAN EXPOSURES,,,monthly
,Schedule V,Transfer of Loan Exposures,With Banks,R1385,C228,Net book value of loans transferred (at the time of transfer),manual,Part-2,Part-2B,TRANSFER OF LOAN EXPOSURES,,,monthly
,Schedule V,Transfer of Loan Exposures,With HFCs,R1386,C228,Net book value of loans transferred (at the time of transfer),manual,Part-2,Part-2B,TRANSFER OF LOAN EXPOSURES,,,monthly
,Schedule V,Transfer of Loan Exposures,With NBFCs (excluding HFCs and ARCs),R1387,C228,Net book value of loans transferred (at the time of transfer),manual,Part-2,Part-2B,TRANSFER OF LOAN EXPOSURES,,,monthly
,Schedule V,Transfer of Loan Exposures,With other Transferees (please specify),R1388,C228,Net book value of loans transferred (at the time of transfer),manual,Part-2,Part-2B,TRANSFER OF LOAN EXPOSURES,,,monthly
,Schedule V,Transfer of Loan Exposures,Total,R1389,C228,Net book value of loans transferred (at the time of transfer),manual,Part-2,Part-2B,TRANSFER OF LOAN EXPOSURES,,,monthly
,Schedule V,Transfer of Loan Exposures,With ARCs,R1384,C229,Aggregate consideration ,manual,Part-2,Part-2B,TRANSFER OF LOAN EXPOSURES,,,monthly
,Schedule V,Transfer of Loan Exposures,With Banks,R1385,C229,Aggregate consideration ,manual,Part-2,Part-2B,TRANSFER OF LOAN EXPOSURES,,,monthly
,Schedule V,Transfer of Loan Exposures,With HFCs,R1386,C229,Aggregate consideration ,manual,Part-2,Part-2B,TRANSFER OF LOAN EXPOSURES,,,monthly
,Schedule V,Transfer of Loan Exposures,With NBFCs (excluding HFCs and ARCs),R1387,C229,Aggregate consideration ,manual,Part-2,Part-2B,TRANSFER OF LOAN EXPOSURES,,,monthly
,Schedule V,Transfer of Loan Exposures,With other Transferees (please specify),R1388,C229,Aggregate consideration ,manual,Part-2,Part-2B,TRANSFER OF LOAN EXPOSURES,,,monthly
,Schedule V,Transfer of Loan Exposures,Total,R1389,C229,Aggregate consideration ,manual,Part-2,Part-2B,TRANSFER OF LOAN EXPOSURES,,,monthly
,Schedule V,Loan Purchased/Acquired,From Banks,R1390,C231,"Aggregate principal outstanding
of loans acquired",manual,Part-2,Part-2C,LOAN PURCHASED / ACQUIRED,,,monthly
,Schedule V,Loan Purchased/Acquired,From HFCs,R1391,C231,"Aggregate principal outstanding
of loans acquired",manual,Part-2,Part-2C,LOAN PURCHASED / ACQUIRED,,,monthly
,Schedule V,Loan Purchased/Acquired,From NBFCs (excluding HFCs),R1392,C231,"Aggregate principal outstanding
of loans acquired",manual,Part-2,Part-2C,LOAN PURCHASED / ACQUIRED,,,monthly
,Schedule V,Loan Purchased/Acquired,From others Transferors (please specify),R1393,C231,"Aggregate principal outstanding
of loans acquired",manual,Part-2,Part-2C,LOAN PURCHASED / ACQUIRED,,,monthly
,Schedule V,Loan Purchased/Acquired,Total,R1394,C231,"Aggregate principal outstanding
of loans acquired",manual,Part-2,Part-2C,LOAN PURCHASED / ACQUIRED,,,monthly
,Schedule V,Loan Purchased/Acquired,From Banks,R1390,C232,Aggregate consideration paid,manual,Part-2,Part-2C,LOAN PURCHASED / ACQUIRED,,,monthly
,Schedule V,Loan Purchased/Acquired,From HFCs,R1391,C232,Aggregate consideration paid,manual,Part-2,Part-2C,LOAN PURCHASED / ACQUIRED,,,monthly
,Schedule V,Loan Purchased/Acquired,From NBFCs (excluding HFCs),R1392,C232,Aggregate consideration paid,manual,Part-2,Part-2C,LOAN PURCHASED / ACQUIRED,,,monthly
,Schedule V,Loan Purchased/Acquired,From others Transferors (please specify),R1393,C232,Aggregate consideration paid,manual,Part-2,Part-2C,LOAN PURCHASED / ACQUIRED,,,monthly
,Schedule V,Loan Purchased/Acquired,Total,R1394,C232,Aggregate consideration paid,manual,Part-2,Part-2C,LOAN PURCHASED / ACQUIRED,,,monthly
,Schedule V,Loan Purchased/Acquired,From Banks,R1390,C233,Type of Loan Pool (IHL/ HL/ NHL),manual,Part-2,Part-2C,LOAN PURCHASED / ACQUIRED,,,monthly
,Schedule V,Loan Purchased/Acquired,From HFCs,R1391,C233,Type of Loan Pool (IHL/ HL/ NHL),manual,Part-2,Part-2C,LOAN PURCHASED / ACQUIRED,,,monthly
,Schedule V,Loan Purchased/Acquired,From NBFCs (excluding HFCs),R1392,C233,Type of Loan Pool (IHL/ HL/ NHL),manual,Part-2,Part-2C,LOAN PURCHASED / ACQUIRED,,,monthly
,Schedule V,Loan Purchased/Acquired,From others Transferors (please specify),R1393,C233,Type of Loan Pool (IHL/ HL/ NHL),manual,Part-2,Part-2C,LOAN PURCHASED / ACQUIRED,,,monthly
,Schedule V,Loan Purchased/Acquired,Total,R1394,C233,Type of Loan Pool (IHL/ HL/ NHL),manual,Part-2,Part-2C,LOAN PURCHASED / ACQUIRED,,,monthly
,Schedule V,Loan under Co-lending model(CLM) with banks,Name of the Co-lender,R1399,C235,Aggregate principal outstanding of loans under CLM,manual,Part-2,Part-2D,LOANS UNDER CO-LENDING MODEL (CLM) WITH BANKS,,,monthly
,Schedule V,Loan under Co-lending model(CLM) with banks,Name of the Co-lender,R1399,C236,"Type of Loan
(HL/ NHL)",manual,Part-2,Part-2D,LOANS UNDER CO-LENDING MODEL (CLM) WITH BANKS,,,monthly
,Schedule V,Loan under Co-lending model(CLM) with banks,Name of the Co-lender,R1399,C237,Share of HFC,manual,Part-2,Part-2D,LOANS UNDER CO-LENDING MODEL (CLM) WITH BANKS,,,monthly
,Schedule V,Loan under Co-lending model(CLM) with banks,Name of the Co-lender,R1399,C238,Share of the Co-Lender (%),manual,Part-2,Part-2D,LOANS UNDER CO-LENDING MODEL (CLM) WITH BANKS,,,monthly
,Schedule V,Public Deposits,Particulars,R1400,C240,No. of accounts,NA,Part-3,Part-3A,,,,monthly
,Schedule V,Public Deposits,Particulars,R1400,C241,Amount,NA,Part-3,Part-3A,,,,monthly
,Schedule V,Public Deposits,Particulars,R1400,C242,No. of accounts,NA,Part-3,Part-3A,,,,monthly
,Schedule V,Public Deposits,Particulars,R1400,C243,Amount,NA,Part-3,Part-3A,,,,monthly
,Schedule V,Public Deposits,Particulars,R1400,C242,No. of accounts,NA,Part-3,Part-3A,,,,monthly
,Schedule V,Public Deposits,Particulars,R1400,C243,Amount,NA,Part-3,Part-3A,,,,monthly
,Schedule V,Overdue Public Deposits,Particulars,R1401,C240,No. of accounts,NA,Part-3,Part-3B,,,,monthly
,Schedule V,Overdue Public Deposits,Particulars,R1401,C241,Amount,NA,Part-3,Part-3B,,,,monthly
,Schedule V,Overdue Public Deposits,Particulars,R1401,C242,No. of accounts,NA,Part-3,Part-3B,,,,monthly
,Schedule V,Overdue Public Deposits,Particulars,R1401,C243,Amount,NA,Part-3,Part-3B,,,,monthly
,Schedule V,Overdue Public Deposits,Particulars,R1401,C242,No. of accounts,NA,Part-3,Part-3B,,,,monthly
,Schedule V,Overdue Public Deposits,Particulars,R1401,C243,Amount,NA,Part-3,Part-3B,,,,monthly
,Schedule V,Credit Rating Obtained(Public deposits),Name of the Rating Agency,,C252,Rating awarded,NA,Part-3,Part-3C,,,,monthly
,Schedule V,Credit Rating Obtained(Public deposits),Name of the Rating Agency,,C253,Valid up to (DD/MM/YYYY),NA,Part-3,Part-3C,,,,monthly
,Schedule V,Average cost of deposits(Cumulative),Particulars,R1402,C254,Amount previous month,NA,Part-3,Part-3D,,,,monthly
,Schedule V,Average cost of deposits(Cumulative),Particulars,R1402,C254,Amount previous month,NA,Part-3,Part-3D,,,,monthly
,Schedule V,Interest Rate Structure-Deposits,Deposit Product Name,,,Min (in %),NA,Part-3,Part-3E,,,,monthly
,Schedule V,Interest Rate Structure-Deposits,Deposit Product Name,,,Max (in %),NA,Part-3,Part-3E,,,,monthly
,Schedule V,Borrowings,1-Public Deposits,R1403,C256,Amount,manual,Part-3,Part-3F,Borrowings,,,monthly
,Schedule V,Borrowings,2-Refinance from NHB,R1404,C256,Amount,manual,Part-3,Part-3F,Borrowings,,,monthly
,Schedule V,Borrowings,"3-Term Loan, Line of Credit, Working Capital Loan, OD, CC",R1405,C256,Amount,manual,Part-3,Part-3F,Borrowings,,,monthly
,Schedule V,Borrowings,3.1-Public Sector Banks,R1406,C256,Amount,manual,Part-3,Part-3F,Borrowings,,,monthly
,Schedule V,Borrowings,3.2-Other Banks including Banking Companies,R1407,C256,Amount,manual,Part-3,Part-3F,Borrowings,,,monthly
,Schedule V,Borrowings,"3.2.1-Of the above, availed from Foreign Banks",R1408,C256,Amount,manual,Part-3,Part-3F,Borrowings,,,monthly
,Schedule V,Borrowings,3.3-NBFCs including HFCs,R1409,C256,Amount,manual,Part-3,Part-3F,Borrowings,,,monthly
,Schedule V,Borrowings,"3.4-Others excluding above (Please specify, if any)",R1410,C256,Amount,manual,Part-3,Part-3F,Borrowings,,,monthly
,Schedule V,Borrowings,4-Non-Convertible Debentures/ Bonds subscribed by,R1411,C256,Amount,manual,Part-3,Part-3F,Borrowings,,,monthly
,Schedule V,Borrowings,4.1-Public Sector Banks,R1412,C256,Amount,manual,Part-3,Part-3F,Borrowings,,,monthly
,Schedule V,Borrowings,4.2-Other Banks including Banking Companies,R1413,C256,Amount,manual,Part-3,Part-3F,Borrowings,,,monthly
,Schedule V,Borrowings,"4.2.1-Of the above, subscribed by Foreign Banks",R1414,C256,Amount,manual,Part-3,Part-3F,Borrowings,,,monthly
,Schedule V,Borrowings,4.3-NBFCs including HFCs,R1415,C256,Amount,manual,Part-3,Part-3F,Borrowings,,,monthly
,Schedule V,Borrowings,"4.4-Others excluding above (Please specify, if any)",R1416,C256,Amount,manual,Part-3,Part-3F,Borrowings,,,monthly
,Schedule V,Borrowings,5-Commercial Papers subscribed by,R1417,C256,Amount,manual,Part-3,Part-3F,Borrowings,,,monthly
,Schedule V,Borrowings,5.1-Public Sector Banks,R1418,C256,Amount,manual,Part-3,Part-3F,Borrowings,,,monthly
,Schedule V,Borrowings,5.2-Other Banks including Banking Companies,R1419,C256,Amount,manual,Part-3,Part-3F,Borrowings,,,monthly
,Schedule V,Borrowings,"5.2.1-Of the above, subscribed by Foreign Banks",R1420,C256,Amount,manual,Part-3,Part-3F,Borrowings,,,monthly
,Schedule V,Borrowings,5.3-NBFCs including HFCs,R1421,C256,Amount,manual,Part-3,Part-3F,Borrowings,,,monthly
,Schedule V,Borrowings,"5.4-Others excluding above (Please specify, if any)",R1422,C256,Amount,manual,Part-3,Part-3F,Borrowings,,,monthly
,Schedule V,Borrowings,6-Inter-Corporate Deposits (ICDs) taken from,R1423,C256,Amount,manual,Part-3,Part-3F,Borrowings,,,monthly
,Schedule V,Borrowings,6.1-Companies in the same group,R1424,C256,Amount,manual,Part-3,Part-3F,Borrowings,,,monthly
,Schedule V,Borrowings,6.2-Companies not in the same group,R1425,C256,Amount,manual,Part-3,Part-3F,Borrowings,,,monthly
,Schedule V,Borrowings,7-Other Corporate Bonds & Debentures (other than those mentioned under Point No. 4 above),R1426,C256,Amount,manual,Part-3,Part-3F,Borrowings,,,monthly
,Schedule V,Borrowings,8-External Commercial Borrowings (ECB),R1427,C256,Amount,manual,Part-3,Part-3F,Borrowings,,,monthly
,Schedule V,Borrowings,9-Other Foreign currency borrowings,R1428,C256,Amount,manual,Part-3,Part-3F,Borrowings,,,monthly
,Schedule V,Borrowings,"10-Any Other Borrowings other than (1 to 10 above) - (Please specify, if any)",R1429,C256,Amount,manual,Part-3,Part-3F,Borrowings,,,monthly
,Schedule V,Borrowings,11-Total,R1430,C256,Amount,manual,Part-3,Part-3F,Borrowings,,,monthly
,Schedule V,Borrowings,1-Public Deposits,R1403,C257,Amount,manual,Part-3,Part-3F,Borrowings,,,monthly
,Schedule V,Borrowings,2-Refinance from NHB,R1404,C257,Amount,manual,Part-3,Part-3F,Borrowings,,,monthly
,Schedule V,Borrowings,"3-Term Loan, Line of Credit, Working Capital Loan, OD, CC",R1405,C257,Amount,manual,Part-3,Part-3F,Borrowings,,,monthly
,Schedule V,Borrowings,3.1-Public Sector Banks,R1406,C257,Amount,manual,Part-3,Part-3F,Borrowings,,,monthly
,Schedule V,Borrowings,3.2-Other Banks including Banking Companies,R1407,C257,Amount,manual,Part-3,Part-3F,Borrowings,,,monthly
,Schedule V,Borrowings,"3.2.1-Of the above, availed from Foreign Banks",R1408,C257,Amount,manual,Part-3,Part-3F,Borrowings,,,monthly
,Schedule V,Borrowings,3.3-NBFCs including HFCs,R1409,C257,Amount,manual,Part-3,Part-3F,Borrowings,,,monthly
,Schedule V,Borrowings,"3.4-Others excluding above (Please specify, if any)",R1410,C257,Amount,manual,Part-3,Part-3F,Borrowings,,,monthly
,Schedule V,Borrowings,4-Non-Convertible Debentures/ Bonds subscribed by,R1411,C257,Amount,manual,Part-3,Part-3F,Borrowings,,,monthly
,Schedule V,Borrowings,4.1-Public Sector Banks,R1412,C257,Amount,manual,Part-3,Part-3F,Borrowings,,,monthly
,Schedule V,Borrowings,4.2-Other Banks including Banking Companies,R1413,C257,Amount,manual,Part-3,Part-3F,Borrowings,,,monthly
,Schedule V,Borrowings,"4.2.1-Of the above, subscribed by Foreign Banks",R1414,C257,Amount,manual,Part-3,Part-3F,Borrowings,,,monthly
,Schedule V,Borrowings,4.3-NBFCs including HFCs,R1415,C257,Amount,manual,Part-3,Part-3F,Borrowings,,,monthly
,Schedule V,Borrowings,"4.4-Others excluding above (Please specify, if any)",R1416,C257,Amount,manual,Part-3,Part-3F,Borrowings,,,monthly
,Schedule V,Borrowings,5-Commercial Papers subscribed by,R1417,C257,Amount,manual,Part-3,Part-3F,Borrowings,,,monthly
,Schedule V,Borrowings,5.1-Public Sector Banks,R1418,C257,Amount,manual,Part-3,Part-3F,Borrowings,,,monthly
,Schedule V,Borrowings,5.2-Other Banks including Banking Companies,R1419,C257,Amount,manual,Part-3,Part-3F,Borrowings,,,monthly
,Schedule V,Borrowings,"5.2.1-Of the above, subscribed by Foreign Banks",R1420,C257,Amount,manual,Part-3,Part-3F,Borrowings,,,monthly
,Schedule V,Borrowings,5.3-NBFCs including HFCs,R1421,C257,Amount,manual,Part-3,Part-3F,Borrowings,,,monthly
,Schedule V,Borrowings,"5.4-Others excluding above (Please specify, if any)",R1422,C257,Amount,manual,Part-3,Part-3F,Borrowings,,,monthly
,Schedule V,Borrowings,6-Inter-Corporate Deposits (ICDs) taken from,R1423,C257,Amount,manual,Part-3,Part-3F,Borrowings,,,monthly
,Schedule V,Borrowings,6.1-Companies in the same group,R1424,C257,Amount,manual,Part-3,Part-3F,Borrowings,,,monthly
,Schedule V,Borrowings,6.2-Companies not in the same group,R1425,C257,Amount,manual,Part-3,Part-3F,Borrowings,,,monthly
,Schedule V,Borrowings,7-Other Corporate Bonds & Debentures (other than those mentioned under Point No. 4 above),R1426,C257,Amount,manual,Part-3,Part-3F,Borrowings,,,monthly
,Schedule V,Borrowings,8-External Commercial Borrowings (ECB),R1427,C257,Amount,manual,Part-3,Part-3F,Borrowings,,,monthly
,Schedule V,Borrowings,9-Other Foreign currency borrowings,R1428,C257,Amount,manual,Part-3,Part-3F,Borrowings,,,monthly
,Schedule V,Borrowings,"10-Any Other Borrowings other than (1 to 10 above) - (Please specify, if any)",R1429,C257,Amount,manual,Part-3,Part-3F,Borrowings,,,monthly
,Schedule V,Borrowings,11-Total,R1430,C257,Amount,manual,Part-3,Part-3F,Borrowings,,,monthly
,Schedule V,Borrowings,1-Public Deposits,R1403,C258,Amount,manual,Part-3,Part-3F,Borrowings,,,monthly
,Schedule V,Borrowings,2-Refinance from NHB,R1404,C258,Amount,manual,Part-3,Part-3F,Borrowings,,,monthly
,Schedule V,Borrowings,"3-Term Loan, Line of Credit, Working Capital Loan, OD, CC",R1405,C258,Amount,manual,Part-3,Part-3F,Borrowings,,,monthly
,Schedule V,Borrowings,3.1-Public Sector Banks,R1406,C258,Amount,manual,Part-3,Part-3F,Borrowings,,,monthly
,Schedule V,Borrowings,3.2-Other Banks including Banking Companies,R1407,C258,Amount,manual,Part-3,Part-3F,Borrowings,,,monthly
,Schedule V,Borrowings,"3.2.1-Of the above, availed from Foreign Banks",R1408,C258,Amount,manual,Part-3,Part-3F,Borrowings,,,monthly
,Schedule V,Borrowings,3.3-NBFCs including HFCs,R1409,C258,Amount,manual,Part-3,Part-3F,Borrowings,,,monthly
,Schedule V,Borrowings,"3.4-Others excluding above (Please specify, if any)",R1410,C258,Amount,manual,Part-3,Part-3F,Borrowings,,,monthly
,Schedule V,Borrowings,4-Non-Convertible Debentures/ Bonds subscribed by,R1411,C258,Amount,manual,Part-3,Part-3F,Borrowings,,,monthly
,Schedule V,Borrowings,4.1-Public Sector Banks,R1412,C258,Amount,manual,Part-3,Part-3F,Borrowings,,,monthly
,Schedule V,Borrowings,4.2-Other Banks including Banking Companies,R1413,C258,Amount,manual,Part-3,Part-3F,Borrowings,,,monthly
,Schedule V,Borrowings,"4.2.1-Of the above, subscribed by Foreign Banks",R1414,C258,Amount,manual,Part-3,Part-3F,Borrowings,,,monthly
,Schedule V,Borrowings,4.3-NBFCs including HFCs,R1415,C258,Amount,manual,Part-3,Part-3F,Borrowings,,,monthly
,Schedule V,Borrowings,"4.4-Others excluding above (Please specify, if any)",R1416,C258,Amount,manual,Part-3,Part-3F,Borrowings,,,monthly
,Schedule V,Borrowings,5-Commercial Papers subscribed by,R1417,C258,Amount,manual,Part-3,Part-3F,Borrowings,,,monthly
,Schedule V,Borrowings,5.1-Public Sector Banks,R1418,C258,Amount,manual,Part-3,Part-3F,Borrowings,,,monthly
,Schedule V,Borrowings,5.2-Other Banks including Banking Companies,R1419,C258,Amount,manual,Part-3,Part-3F,Borrowings,,,monthly
,Schedule V,Borrowings,"5.2.1-Of the above, subscribed by Foreign Banks",R1420,C258,Amount,manual,Part-3,Part-3F,Borrowings,,,monthly
,Schedule V,Borrowings,5.3-NBFCs including HFCs,R1421,C258,Amount,manual,Part-3,Part-3F,Borrowings,,,monthly
,Schedule V,Borrowings,"5.4-Others excluding above (Please specify, if any)",R1422,C258,Amount,manual,Part-3,Part-3F,Borrowings,,,monthly
,Schedule V,Borrowings,6-Inter-Corporate Deposits (ICDs) taken from,R1423,C258,Amount,manual,Part-3,Part-3F,Borrowings,,,monthly
,Schedule V,Borrowings,6.1-Companies in the same group,R1424,C258,Amount,manual,Part-3,Part-3F,Borrowings,,,monthly
,Schedule V,Borrowings,6.2-Companies not in the same group,R1425,C258,Amount,manual,Part-3,Part-3F,Borrowings,,,monthly
,Schedule V,Borrowings,7-Other Corporate Bonds & Debentures (other than those mentioned under Point No. 4 above),R1426,C258,Amount,manual,Part-3,Part-3F,Borrowings,,,monthly
,Schedule V,Borrowings,8-External Commercial Borrowings (ECB),R1427,C258,Amount,manual,Part-3,Part-3F,Borrowings,,,monthly
,Schedule V,Borrowings,9-Other Foreign currency borrowings,R1428,C258,Amount,manual,Part-3,Part-3F,Borrowings,,,monthly
,Schedule V,Borrowings,"10-Any Other Borrowings other than (1 to 10 above) - (Please specify, if any)",R1429,C258,Amount,manual,Part-3,Part-3F,Borrowings,,,monthly
,Schedule V,Borrowings,11-Total,R1430,C258,Amount,manual,Part-3,Part-3F,Borrowings,,,monthly
,Schedule V,Borrowings,1-Public Deposits,R1403,C259,Amount,manual,Part-3,Part-3F,Borrowings,,,monthly
,Schedule V,Borrowings,2-Refinance from NHB,R1404,C259,Amount,manual,Part-3,Part-3F,Borrowings,,,monthly
,Schedule V,Borrowings,"3-Term Loan, Line of Credit, Working Capital Loan, OD, CC",R1405,C259,Amount,manual,Part-3,Part-3F,Borrowings,,,monthly
,Schedule V,Borrowings,3.1-Public Sector Banks,R1406,C259,Amount,manual,Part-3,Part-3F,Borrowings,,,monthly
,Schedule V,Borrowings,3.2-Other Banks including Banking Companies,R1407,C259,Amount,manual,Part-3,Part-3F,Borrowings,,,monthly
,Schedule V,Borrowings,"3.2.1-Of the above, availed from Foreign Banks",R1408,C259,Amount,manual,Part-3,Part-3F,Borrowings,,,monthly
,Schedule V,Borrowings,3.3-NBFCs including HFCs,R1409,C259,Amount,manual,Part-3,Part-3F,Borrowings,,,monthly
,Schedule V,Borrowings,"3.4-Others excluding above (Please specify, if any)",R1410,C259,Amount,manual,Part-3,Part-3F,Borrowings,,,monthly
,Schedule V,Borrowings,4-Non-Convertible Debentures/ Bonds subscribed by,R1411,C259,Amount,manual,Part-3,Part-3F,Borrowings,,,monthly
,Schedule V,Borrowings,4.1-Public Sector Banks,R1412,C259,Amount,manual,Part-3,Part-3F,Borrowings,,,monthly
,Schedule V,Borrowings,4.2-Other Banks including Banking Companies,R1413,C259,Amount,manual,Part-3,Part-3F,Borrowings,,,monthly
,Schedule V,Borrowings,"4.2.1-Of the above, subscribed by Foreign Banks",R1414,C259,Amount,manual,Part-3,Part-3F,Borrowings,,,monthly
,Schedule V,Borrowings,4.3-NBFCs including HFCs,R1415,C259,Amount,manual,Part-3,Part-3F,Borrowings,,,monthly
,Schedule V,Borrowings,"4.4-Others excluding above (Please specify, if any)",R1416,C259,Amount,manual,Part-3,Part-3F,Borrowings,,,monthly
,Schedule V,Borrowings,5-Commercial Papers subscribed by,R1417,C259,Amount,manual,Part-3,Part-3F,Borrowings,,,monthly
,Schedule V,Borrowings,5.1-Public Sector Banks,R1418,C259,Amount,manual,Part-3,Part-3F,Borrowings,,,monthly
,Schedule V,Borrowings,5.2-Other Banks including Banking Companies,R1419,C259,Amount,manual,Part-3,Part-3F,Borrowings,,,monthly
,Schedule V,Borrowings,"5.2.1-Of the above, subscribed by Foreign Banks",R1420,C259,Amount,manual,Part-3,Part-3F,Borrowings,,,monthly
,Schedule V,Borrowings,5.3-NBFCs including HFCs,R1421,C259,Amount,manual,Part-3,Part-3F,Borrowings,,,monthly
,Schedule V,Borrowings,"5.4-Others excluding above (Please specify, if any)",R1422,C259,Amount,manual,Part-3,Part-3F,Borrowings,,,monthly
,Schedule V,Borrowings,6-Inter-Corporate Deposits (ICDs) taken from,R1423,C259,Amount,manual,Part-3,Part-3F,Borrowings,,,monthly
,Schedule V,Borrowings,6.1-Companies in the same group,R1424,C259,Amount,manual,Part-3,Part-3F,Borrowings,,,monthly
,Schedule V,Borrowings,6.2-Companies not in the same group,R1425,C259,Amount,manual,Part-3,Part-3F,Borrowings,,,monthly
,Schedule V,Borrowings,7-Other Corporate Bonds & Debentures (other than those mentioned under Point No. 4 above),R1426,C259,Amount,manual,Part-3,Part-3F,Borrowings,,,monthly
,Schedule V,Borrowings,8-External Commercial Borrowings (ECB),R1427,C259,Amount,manual,Part-3,Part-3F,Borrowings,,,monthly
,Schedule V,Borrowings,9-Other Foreign currency borrowings,R1428,C259,Amount,manual,Part-3,Part-3F,Borrowings,,,monthly
,Schedule V,Borrowings,"10-Any Other Borrowings other than (1 to 10 above) - (Please specify, if any)",R1429,C259,Amount,manual,Part-3,Part-3F,Borrowings,,,monthly
,Schedule V,Borrowings,11-Total,R1430,C259,Amount,manual,Part-3,Part-3F,Borrowings,,,monthly
,Schedule V,Average cost of Borrowings(Cumulative),Excluding public deposits,R1431,,Amount,manual,Part-3,Part-3G,Average_cost_of_borrowings,,,monthly
,Schedule V,Average cost of Borrowings(Cumulative),Including public deposits,R1432,,Amount,manual,Part-3,Part-3G,Average_cost_of_borrowings,,,monthly
,Schedule V,Rating obtained for debt issues,Name of the Rating Agency,,,Type of Instrument ,NA,Part-3,Part-3H,,,,monthly
,Schedule V,Rating obtained for debt issues,Name of the Rating Agency,,,Rating (Short Term),NA,Part-3,Part-3H,,,,monthly
,Schedule V,Rating obtained for debt issues,Name of the Rating Agency,,,Rating  (MT/LT),NA,Part-3,Part-3H,,,,monthly
,Schedule V,Rating obtained for debt issues,Name of the Rating Agency,,,Valid up to (DD/MM/YYYY),NA,Part-3,Part-3H,,,,monthly
,Schedule V,Investments,Fixed deposits,R1434,,Amt. Outstanding,EGL,Part-4,Part-4A,,,,monthly
,Schedule V,Investments,Government securities,R1435,,Amt. Outstanding,EGL,Part-4,Part-4B,,,,monthly
,Schedule V,Investments,Shares,R1436,,Amt. Outstanding,EGL,Part-4,Part-4B,,,,monthly
,Schedule V,Investments,Non-convertible debentures (NCDs)Ê,R1437,,Amt. Outstanding,EGL,Part-4,Part-4B,,,,monthly
,Schedule V,Investments,Corporate Bonds,R1438,,Amt. Outstanding,EGL,Part-4,Part-4B,,,,monthly
,Schedule V,Investments,Commercial Papers,R1439,,Amt. Outstanding,EGL,Part-4,Part-4B,,,,monthly
,Schedule V,Investments,Mutual Funds,R1440,,Amt. Outstanding,EGL,Part-4,Part-4B,,,,monthly
,Schedule V,Investments,"(i) Of (7) above, investments in units of equity oriented mutual funds.",R1441,,Amt. Outstanding,EGL,Part-4,Part-4B,,,,monthly
,Schedule V,Investments,"(ii) Of (7) above, investments in units of mutual funds under schemes where the corpus is invested exclusively in debt instruments.",R1442,,Amt. Outstanding,EGL,Part-4,Part-4B,,,,monthly
,Schedule V,Investments,Cash and Bank balances,R1443,,Amt. Outstanding,EGL,Part-4,Part-4B,,,,monthly
,Schedule V,Investments,Mortgage-Backed Security (MBS),R1444,,Amt. Outstanding,EGL,Part-4,Part-4B,,,,monthly
,Schedule V,Investments,Other Investments,R1445,,Amt. Outstanding,EGL,Part-4,Part-4B,,,,monthly
,Schedule V,Investments,Total,R1446,,Amt. Outstanding,EGL,Part-4,Part-4B,,,,monthly
,Schedule V,Exposure to capital market,"1-Net woth as at March 31st, in the immediate preceeding year (Note-1)",R1447,,Amt. Outstanding,EGL,Part-4,Part-4C,,,,monthly
,Schedule V,Exposure to capital market,"2-Aggregate Exposure to Capital Market in all forms (both fund based, and non-fund based)",R1448,,Amt. Outstanding,EGL,Part-4,Part-4C,,,,monthly
,Schedule V,Exposure to capital market,"3-Percentage of ""2"" to ""1""",R1449,,Amt. Outstanding,EGL-derived,Part-4,Part-4C,,,,monthly
,Schedule V,Exposure to capital market,"4-Direct Investment in Shares, Convertible Bonds/ Debentures, Units of Equity-Oriented Mutual Funds and all Exposures to 5-Venture Capital Funds (VCFs) [both Registered and Unregistered]",R1450,,Amt. Outstanding,EGL,Part-4,Part-4C,,,,monthly
,Schedule V,Exposure to capital market,"Percentage of ""4"" to ""1""",R1451,,Amt. Outstanding,EGL-derived,Part-4,Part-4C,,,,monthly
,Schedule V, DETAILS OF RISK EXPOSURE IN DERIVATIVES (As on the Reporting date),Derivatives (Notional Principal Amount) for hedging,R1452,,Currency Derivatives (Amount),EGL,Part-4,Part-4D,,,,monthly
,Schedule V, DETAILS OF RISK EXPOSURE IN DERIVATIVES (As on the Reporting date),Marked to Market Positions,R1453,,Currency Derivatives (Amount),EGL,Part-4,Part-4D,,,,monthly
,Schedule V, DETAILS OF RISK EXPOSURE IN DERIVATIVES (As on the Reporting date),(a) Assets (+MTM),R1454,,Currency Derivatives (Amount),EGL,Part-4,Part-4D,,,,monthly
,Schedule V, DETAILS OF RISK EXPOSURE IN DERIVATIVES (As on the Reporting date),(b) Liability (-MTM),R1455,,Currency Derivatives (Amount),EGL,Part-4,Part-4D,,,,monthly
,Schedule V, DETAILS OF RISK EXPOSURE IN DERIVATIVES (As on the Reporting date),Credit Exposure,R1456,,Currency Derivatives (Amount),EGL,Part-4,Part-4D,,,,monthly
,Schedule V, DETAILS OF RISK EXPOSURE IN DERIVATIVES (As on the Reporting date),Unhedged Exposures,R1457,,Currency Derivatives (Amount),EGL,Part-4,Part-4D,,,,monthly
,Schedule V, DETAILS OF RISK EXPOSURE IN DERIVATIVES (As on the Reporting date),Derivatives (Notional Principal Amount) for hedging,R1452,,Interest Rate Derivatives (Amount),EGL,Part-4,Part-4D,,,,monthly
,Schedule V, DETAILS OF RISK EXPOSURE IN DERIVATIVES (As on the Reporting date),Marked to Market Positions,R1453,,Interest Rate Derivatives (Amount),EGL,Part-4,Part-4D,,,,monthly
,Schedule V, DETAILS OF RISK EXPOSURE IN DERIVATIVES (As on the Reporting date),(a) Assets (+MTM),R1454,,Interest Rate Derivatives (Amount),EGL,Part-4,Part-4D,,,,monthly
,Schedule V, DETAILS OF RISK EXPOSURE IN DERIVATIVES (As on the Reporting date),(b) Liability (-MTM),R1455,,Interest Rate Derivatives (Amount),EGL,Part-4,Part-4D,,,,monthly
,Schedule V, DETAILS OF RISK EXPOSURE IN DERIVATIVES (As on the Reporting date),Credit Exposure,R1456,,Interest Rate Derivatives (Amount),EGL,Part-4,Part-4D,,,,monthly
,Schedule V, DETAILS OF RISK EXPOSURE IN DERIVATIVES (As on the Reporting date),Unhedged Exposures,R1457,,Interest Rate Derivatives (Amount),EGL,Part-4,Part-4E,,,,monthly
,Schedule V,Income and Expenditure,Interest income,R1458,,During the reporting month,EGL,Part-4,Part-4E,,,,monthly
,Schedule V,Income and Expenditure,Non-interest income,R1459,,During the reporting month,EGL,Part-4,Part-4E,,,,monthly
,Schedule V,Income and Expenditure,Total,R1460,,During the reporting month,EGL,Part-4,Part-4E,,,,monthly
,Schedule V,Income and Expenditure,Interest expenditure,R1461,,During the reporting month,EGL,Part-4,Part-4E,,,,monthly
,Schedule V,Income and Expenditure,Non-interest expenditure,R1462,,During the reporting month,EGL,Part-4,Part-4E,,,,monthly
,Schedule V,Income and Expenditure,Total,R1463,,During the reporting month,EGL,Part-4,Part-4E,,,,monthly
150,Schedule V,Loan Sanctions,3-Total,R1293,C205,Gross carrying amount (Note-2),derived ,part-1,Part-1A,,,,monthly
300,Schedule V,Loan Disbursements,3-Total,R1318,C212,Gross carrying amount (Note-2),derived ,part-1,Part-1B,,,,monthly
450,Schedule V,Loan Outstandings,3-Total,R1343,C217,Gross carrying amount (Note-2),derived ,part-1,Part-1C,,,,monthly
548,Schedule V,Interest Rate Structure,1-Housing Loan to Individuals 1.6-Above 30%,R1473,C273,Floating rate- Outstanding amount,Mart,Part-5,Part-5,Outstanding_mart,"Select sum(HL_POS) where
1- Customer_type = 'INDIVIDUAL'
2- nhb_Product <> 'Other Loan'
3- ROI_Type = 'Floating'
4- ROI_as_on_reporting_date > 30%","SELECT sum(HL_POS)
FROM  DISHA_MART_ANALYTICS.REGULATORY_MART.OUTSTANDING_MART
WHERE Customer_type = 'INDIVIDUAL'
AND nhb_Product <> 'OTHER LOAN'
AND ROI_Type = 'FLOATING'
AND ROI_as_on_reporting_date > '30%'
AND Report_Date IN ({{report_dates}});",monthly
,Schedule V,Interest Rate Structure,2- Non Housing Loan to Individuals 1.6-Above 30%,R1480,C273,Floating rate- Outstanding amount,Mart,Part-5,Part-5,Outstanding_mart,"Select sum(NHL_POS) where
1- Customer_type = 'INDIVIDUAL'
2- nhb_Product = 'Other Loan'
3- ROI_Type = 'Floating'
4- ROI_as_on_reporting_date > 30%","SELECT sum(NHL_POS)
FROM  DISHA_MART_ANALYTICS.REGULATORY_MART.OUTSTANDING_MART
WHERE Customer_type = 'INDIVIDUAL'
AND nhb_Product = 'OTHER LOAN'
AND ROI_Type = 'FLOATING'
AND ROI_as_on_reporting_date > '30%'
AND Report_Date IN ({{report_dates}});",monthly
,Schedule V,Interest Rate Structure,3.5-Above 30% 1-Housing Loan to builders/corporate etc.,R1486,C273,Floating rate- Outstanding amount,Mart,Part-5,Part-5,Outstanding_mart,"Select sum(HL_POS) where
1- Customer_type = 'CORPORATE'
2- nhb_Product = 'Other Loan'
3- ROI_Type = 'Floating'
4- ROI_as_on_reporting_date > 30%","SELECT sum(HL_POS)
FROM  DISHA_MART_ANALYTICS.REGULATORY_MART.OUTSTANDING_MART
WHERE Customer_type = 'CORPORATE'
AND nhb_Product = 'OTHER LOAN'
AND ROI_Type = 'FLOATING'
AND ROI_as_on_reporting_date > '30%'
AND Report_Date IN ({{report_dates}});",monthly
